"Fecha","Tipo de d√≥lar","Precio de venta","Precio de compra"
"03/01/11","Casas de cambio","4.000",""
"03/01/11","Informal","4.110",""
"04/01/11","Casas de cambio","4.000",""
"04/01/11","Informal","4.120",""
"04/01/11","Casas de cambio","4.000",""
"05/01/11","Informal","4.138",""
"06/01/11","Casas de cambio","4.000",""
"06/01/11","Informal","4.138",""
"07/01/11","Casas de cambio","4.000",""
"07/01/11","Informal","4.120",""
"10/01/11","Casas de cambio","4.000",""
"10/01/11","Informal","4.113",""
"11/01/11","Casas de cambio","4.000",""
"11/01/11","Informal","4.130",""
"12/01/11","Casas de cambio","4.000",""
"12/01/11","Informal","4.130",""
"13/01/11","Casas de cambio","4.000",""
"13/01/11","Informal","4.135",""
"14/01/11","Casas de cambio","4.000",""
"14/01/11","Informal","4.135",""
"17/01/11","Casas de cambio","4.000",""
"17/01/11","Informal","4.130",""
"18/01/11","Casas de cambio","4.000",""
"18/01/11","Informal","4.145",""
"19/01/11","Casas de cambio","4.000",""
"19/01/11","Informal","4.148",""
"20/01/11","Casas de cambio","4.005",""
"20/01/11","Informal","4.150",""
"21/01/11","Casas de cambio","4.005",""
"21/01/11","Informal","4.145",""
"24/01/11","Casas de cambio","4.010",""
"24/01/11","Informal","4.143",""
"25/01/11","Casas de cambio","4.010",""
"25/01/11","Informal","4.143",""
"26/01/11","Casas de cambio","4.010",""
"26/01/11","Informal","4.148",""
"27/01/11","Casas de cambio","4.015",""
"27/01/11","Informal","4.150",""
"28/01/11","Casas de cambio","4.020",""
"28/01/11","Informal","4.150",""
"31/01/11","Casas de cambio","4.020",""
"31/01/11","Informal","4.135",""
"01/02/11","Casas de cambio","4.030",""
"01/02/11","Informal","4.133",""
"02/02/11","Casas de cambio","4.035",""
"02/02/11","Informal","4.118",""
"03/02/11","Casas de cambio","4.035",""
"03/02/11","Informal","4.115",""
"04/02/11","Casas de cambio","4.040",""
"04/02/11","Informal","4.118",""
"07/02/11","Casas de cambio","4.040",""
"07/02/11","Informal","4.118",""
"08/02/11","Casas de cambio","4.040",""
"08/02/11","Informal","4.135",""
"09/02/11","Casas de cambio","4.040",""
"09/02/11","Informal","4.135",""
"10/02/11","Casas de cambio","4.040",""
"10/02/11","Informal","4.138",""
"11/02/11","Casas de cambio","4.040",""
"11/02/11","Informal","4.145",""
"14/02/11","Casas de cambio","4.040",""
"14/02/11","Informal","4.143",""
"15/02/11","Casas de cambio","4.050",""
"15/02/11","Informal","4.158",""
"16/02/11","Casas de cambio","4.050",""
"16/02/11","Informal","4.168",""
"17/02/11","Casas de cambio","4.050",""
"17/02/11","Informal","4.178",""
"18/02/11","Casas de cambio","4.050",""
"18/02/11","Informal","4.178",""
"21/02/11","Casas de cambio","4.050",""
"21/02/11","Informal","4.163",""
"22/02/11","Casas de cambio","4.050",""
"22/02/11","Informal","4.163",""
"23/02/11","Casas de cambio","4.050",""
"23/02/11","Informal","4.165",""
"24/02/11","Casas de cambio","4.055",""
"24/02/11","Informal","4.173",""
"25/02/11","Casas de cambio","4.055",""
"25/02/11","Informal","4.165",""
"28/02/11","Casas de cambio","4.055",""
"28/02/11","Informal","4.153",""
"01/03/11","Casas de cambio","4.055",""
"01/03/11","Informal","4.153",""
"02/03/11","Casas de cambio","4.055",""
"02/03/11","Informal","4.148",""
"03/03/11","Casas de cambio","4.060",""
"03/03/11","Informal","4.143",""
"04/03/11","Casas de cambio","4.060",""
"04/03/11","Informal","4.133",""
"09/03/11","Casas de cambio","4.060",""
"09/03/11","Informal","4.115",""
"10/03/11","Casas de cambio","4.060",""
"10/03/11","Informal","4.113",""
"11/03/11","Casas de cambio","4.060",""
"11/03/11","Informal","4.143",""
"14/03/11","Casas de cambio","4.060",""
"14/03/11","Informal","4.140",""
"15/03/11","Casas de cambio","4.060",""
"15/03/11","Informal","4.163",""
"16/03/11","Casas de cambio","4.065",""
"16/03/11","Informal","4.165",""
"17/03/11","Casas de cambio","4.065",""
"17/03/11","Informal","4.163",""
"18/03/11","Casas de cambio","4.065",""
"18/03/11","Informal","4.155",""
"21/03/11","Casas de cambio","4.065",""
"21/03/11","Informal","4.163",""
"22/03/11","Casas de cambio","4.065",""
"22/03/11","Informal","4.158",""
"23/03/11","Casas de cambio","4.065",""
"23/03/11","Informal","4.165",""
"28/03/11","Casas de cambio","4.065",""
"28/03/11","Informal","4.165",""
"29/03/11","Casas de cambio","4.065",""
"29/03/11","Informal","4.165",""
"30/03/11","Casas de cambio","4.070",""
"30/03/11","Informal","4.160",""
"31/03/11","Casas de cambio","4.070",""
"31/03/11","Informal","4.158",""
"01/04/11","Casas de cambio","4.070",""
"01/04/11","Informal","4.155",""
"04/04/11","Casas de cambio","4.070",""
"04/04/11","Informal","4.158",""
"05/04/11","Casas de cambio","4.070",""
"05/04/11","Informal","4.158",""
"06/04/11","Casas de cambio","4.075",""
"06/04/11","Informal","4.160",""
"07/04/11","Casas de cambio","4.075",""
"07/04/11","Informal","4.160",""
"08/04/11","Casas de cambio","4.075",""
"08/04/11","Informal","4.160",""
"11/04/11","Casas de cambio","4.075",""
"11/04/11","Informal","4.163",""
"12/04/11","Casas de cambio","4.075",""
"12/04/11","Informal","4.173",""
"13/04/11","Casas de cambio","4.080",""
"13/04/11","Informal","4.180",""
"14/04/11","Casas de cambio","4.085",""
"14/04/11","Informal","4.203",""
"15/04/11","Casas de cambio","4.090",""
"15/04/11","Informal","4.203",""
"18/04/11","Casas de cambio","4.095",""
"18/04/11","Informal","4.203",""
"19/04/11","Casas de cambio","4.095",""
"19/04/11","Informal","4.215",""
"20/04/11","Casas de cambio","4.100",""
"20/04/11","Informal","4.223",""
"25/04/11","Casas de cambio","4.100",""
"25/04/11","Informal","4.248",""
"26/04/11","Casas de cambio","4.100",""
"26/04/11","Informal","4.275",""
"27/04/11","Casas de cambio","4.105",""
"27/04/11","Informal","4.285",""
"28/04/11","Casas de cambio","4.105",""
"28/04/11","Informal","4.325",""
"29/04/11","Casas de cambio","4.105",""
"29/04/11","Informal","4.305",""
"02/05/11","Casas de cambio","4.110",""
"02/05/11","Informal","4.265",""
"03/05/11","Casas de cambio","4.110",""
"03/05/11","Informal","4.285",""
"04/05/11","Casas de cambio","4.110",""
"04/05/11","Informal","4.273",""
"05/05/11","Casas de cambio","4.110",""
"05/05/11","Informal","4.270",""
"06/05/11","Casas de cambio","4.110",""
"06/05/11","Informal","4.268",""
"09/05/11","Casas de cambio","4.110",""
"09/05/11","Informal","4.268",""
"10/05/11","Casas de cambio","4.110",""
"10/05/11","Informal","4.275",""
"11/05/11","Casas de cambio","4.110",""
"11/05/11","Informal","4.283",""
"12/05/11","Casas de cambio","4.110",""
"12/05/11","Informal","4.285",""
"13/05/11","Casas de cambio","4.110",""
"13/05/11","Informal","4.288",""
"16/05/11","Casas de cambio","4.115",""
"16/05/11","Informal","4.293",""
"17/05/11","Casas de cambio","4.115",""
"17/05/11","Informal","4.315",""
"18/05/11","Casas de cambio","4.120",""
"18/05/11","Informal","4.320",""
"19/05/11","Casas de cambio","4.120",""
"19/05/11","Informal","4.333",""
"20/05/11","Casas de cambio","4.120",""
"20/05/11","Informal","4.333",""
"23/05/11","Casas de cambio","4.120",""
"23/05/11","Informal","4.340",""
"24/05/11","Casas de cambio","4.120",""
"24/05/11","Informal","4.350",""
"26/05/11","Casas de cambio","4.120",""
"26/05/11","Informal","4.343",""
"27/05/11","Casas de cambio","4.120",""
"27/05/11","Informal","4.343",""
"30/05/11","Casas de cambio","4.120",""
"30/05/11","Informal","4.325",""
"31/05/11","Casas de cambio","4.120",""
"31/05/11","Informal","4.298",""
"01/06/11","Casas de cambio","4.120",""
"01/06/11","Informal","4.305",""
"02/06/11","Casas de cambio","4.120",""
"02/06/11","Informal","4.295",""
"03/06/11","Casas de cambio","4.125",""
"03/06/11","Informal","4.283",""
"06/06/11","Casas de cambio","4.125",""
"06/06/11","Informal","4.268",""
"07/06/11","Casas de cambio","4.125",""
"07/06/11","Informal","4.263",""
"08/06/11","Casas de cambio","4.125",""
"08/06/11","Informal","4.275",""
"09/06/11","Casas de cambio","4.125",""
"09/06/11","Informal","4.263",""
"10/06/11","Casas de cambio","4.125",""
"10/06/11","Informal","4.260",""
"13/06/11","Casas de cambio","4.130",""
"13/06/11","Informal","4.263",""
"14/06/11","Casas de cambio","4.130",""
"14/06/11","Informal","4.288",""
"15/06/11","Casas de cambio","4.130",""
"15/06/11","Informal","4.308",""
"16/06/11","Casas de cambio","4.130",""
"16/06/11","Informal","4.310",""
"17/06/11","Casas de cambio","4.130",""
"17/06/11","Informal","4.300",""
"21/06/11","Casas de cambio","4.130",""
"21/06/11","Informal","4.293",""
"22/06/11","Casas de cambio","4.130",""
"22/06/11","Informal","4.298",""
"23/06/11","Casas de cambio","4.130",""
"23/06/11","Informal","4.300",""
"24/06/11","Casas de cambio","4.130",""
"24/06/11","Informal","4.300",""
"27/06/11","Casas de cambio","4.130",""
"27/06/11","Informal","4.290",""
"28/06/11","Casas de cambio","4.130",""
"28/06/11","Informal","4.290",""
"29/06/11","Casas de cambio","4.140",""
"29/06/11","Informal","4.290",""
"30/06/11","Casas de cambio","4.140",""
"30/06/11","Informal","4.273",""
"01/07/11","Casas de cambio","4.140",""
"01/07/11","Informal","4.275",""
"04/07/11","Casas de cambio","4.140",""
"04/07/11","Informal","4.268",""
"05/07/11","Casas de cambio","4.140",""
"05/07/11","Informal","4.260",""
"06/07/11","Casas de cambio","4.145",""
"06/07/11","Informal","4.270",""
"07/07/11","Casas de cambio","4.150",""
"07/07/11","Informal","4.263",""
"08/07/11","Casas de cambio","4.150",""
"08/07/11","Informal","4.263",""
"11/07/11","Casas de cambio","4.150",""
"11/07/11","Informal","4.260",""
"12/07/11","Casas de cambio","4.155",""
"12/07/11","Informal","4.270",""
"13/07/11","Casas de cambio","4.155",""
"13/07/11","Informal","4.280",""
"14/07/11","Casas de cambio","4.155",""
"14/07/11","Informal","4.285",""
"15/07/11","Casas de cambio","4.155",""
"15/07/11","Informal","4.293",""
"18/07/11","Casas de cambio","4.155",""
"18/07/11","Informal","4.290",""
"19/07/11","Casas de cambio","4.155",""
"19/07/11","Informal","4.313",""
"20/07/11","Casas de cambio","4.160",""
"20/07/11","Informal","4.315",""
"21/07/11","Casas de cambio","4.165",""
"21/07/11","Informal","4.318",""
"22/07/11","Casas de cambio","4.165",""
"22/07/11","Informal","4.320",""
"25/07/11","Casas de cambio","4.165",""
"25/07/11","Informal","4.325",""
"26/07/11","Casas de cambio","4.165",""
"26/07/11","Informal","4.343",""
"27/07/11","Casas de cambio","4.165",""
"27/07/11","Informal","4.348",""
"28/07/11","Casas de cambio","4.170",""
"28/07/11","Informal","4.340",""
"29/07/11","Casas de cambio","4.170",""
"29/07/11","Informal","4.340",""
"01/08/11","Casas de cambio","4.170",""
"01/08/11","Informal","4.323",""
"02/08/11","Casas de cambio","4.170",""
"02/08/11","Informal","4.325",""
"03/08/11","Casas de cambio","4.175",""
"03/08/11","Informal","4.328",""
"04/08/11","Casas de cambio","4.180",""
"04/08/11","Informal","4.320",""
"05/08/11","Casas de cambio","4.180",""
"05/08/11","Informal","4.320",""
"08/08/11","Casas de cambio","4.180",""
"08/08/11","Informal","4.305",""
"09/08/11","Casas de cambio","4.180",""
"09/08/11","Informal","4.340",""
"10/08/11","Casas de cambio","4.185",""
"10/08/11","Informal","4.353",""
"11/08/11","Casas de cambio","4.190",""
"11/08/11","Informal","4.345",""
"12/08/11","Casas de cambio","4.190",""
"12/08/11","Informal","4.350",""
"15/08/11","Informal","4.335",""
"15/08/11","Casas de cambio","4.190",""
"16/08/11","Casas de cambio","4.190",""
"16/08/11","Informal","4.353",""
"17/08/11","Casas de cambio","4.190",""
"17/08/11","Informal","4.360",""
"18/08/11","Casas de cambio","4.195",""
"18/08/11","Informal","4.373",""
"19/08/11","Casas de cambio","4.200",""
"19/08/11","Informal","4.370",""
"23/08/11","Casas de cambio","4.205",""
"23/08/11","Informal","4.368",""
"24/08/11","Casas de cambio","4.210",""
"24/08/11","Informal","4.390",""
"25/08/11","Casas de cambio","4.210",""
"25/08/11","Informal","4.423",""
"26/08/11","Casas de cambio","4.210",""
"26/08/11","Informal","4.438",""
"29/08/11","Casas de cambio","4.215",""
"29/08/11","Informal","4.443",""
"30/08/11","Casas de cambio","4.220",""
"30/08/11","Informal","4.443",""
"31/08/11","Casas de cambio","4.220",""
"31/08/11","Informal","4.430",""
"01/09/11","Casas de cambio","4.240",""
"01/09/11","Informal","4.415",""
"02/09/11","Casas de cambio","4.245",""
"02/09/11","Informal","4.428",""
"05/09/11","Casas de cambio","4.250",""
"05/09/11","Informal","4.418",""
"06/09/11","Casas de cambio","4.250",""
"06/09/11","Informal","4.418",""
"07/09/11","Casas de cambio","4.250",""
"07/09/11","Informal","4.428",""
"08/09/11","Casas de cambio","4.240",""
"08/09/11","Informal","4.428",""
"09/09/11","Casas de cambio","4.240",""
"09/09/11","Informal","4.430",""
"12/09/11","Casas de cambio","4.240",""
"12/09/11","Informal","4.433",""
"13/09/11","Casas de cambio","4.240",""
"13/09/11","Informal","4.435",""
"14/09/11","Casas de cambio","4.240",""
"14/09/11","Informal","4.435",""
"15/09/11","Casas de cambio","4.240",""
"15/09/11","Informal","4.440",""
"16/09/11","Casas de cambio","4.240",""
"16/09/11","Informal","4.440",""
"19/09/11","Casas de cambio","4.240",""
"19/09/11","Informal","4.443",""
"20/09/11","Casas de cambio","4.230",""
"20/09/11","Informal","4.443",""
"21/09/11","Casas de cambio","4.230",""
"21/09/11","Informal","4.438",""
"22/09/11","Casas de cambio","4.230",""
"22/09/11","Informal","4.448",""
"23/09/11","Casas de cambio","4.230",""
"23/09/11","Informal","4.485",""
"26/09/11","Casas de cambio","4.240",""
"26/09/11","Informal","4.473",""
"27/09/11","Casas de cambio","4.235",""
"27/09/11","Informal","4.450",""
"28/09/11","Casas de cambio","4.240",""
"28/09/11","Informal","4.453",""
"29/09/11","Casas de cambio","4.240",""
"29/09/11","Informal","4.433",""
"30/09/11","Casas de cambio","4.240",""
"30/09/11","Informal","4.433",""
"03/10/11","Casas de cambio","4.240",""
"03/10/11","Informal","4.423",""
"04/10/11","Casas de cambio","4.235",""
"04/10/11","Informal","4.438",""
"05/10/11","Casas de cambio","4.240",""
"05/10/11","Informal","4.433",""
"06/10/11","Casas de cambio","4.245",""
"06/10/11","Informal","4.405",""
"07/10/11","Casas de cambio","4.245",""
"07/10/11","Informal","4.398",""
"11/10/11","Casas de cambio","4.245",""
"11/10/11","Informal","4.393",""
"12/10/11","Casas de cambio","4.240",""
"12/10/11","Informal","4.378",""
"13/10/11","Casas de cambio","4.245",""
"13/10/11","Informal","4.425",""
"14/10/11","Casas de cambio","4.245",""
"14/10/11","Informal","4.428",""
"17/10/11","Casas de cambio","4.250",""
"17/10/11","Informal","4.413",""
"18/10/11","Casas de cambio","4.250",""
"18/10/11","Informal","4.418",""
"19/10/11","Casas de cambio","4.260",""
"19/10/11","Informal","4.453",""
"20/10/11","Casas de cambio","4.260",""
"20/10/11","Informal","4.468",""
"21/10/11","Casas de cambio","4.265",""
"21/10/11","Informal","4.470",""
"24/10/11","Casas de cambio","4.265",""
"24/10/11","Informal","4.460",""
"25/10/11","Casas de cambio","4.265",""
"25/10/11","Informal","4.465",""
"26/10/11","Casas de cambio","4.265",""
"26/10/11","Informal","4.475",""
"27/10/11","Casas de cambio","4.265",""
"27/10/11","Informal","4.495",""
"28/10/11","Casas de cambio","4.265",""
"28/10/11","Informal","4.488",""
"31/10/11","Casas de cambio","4.265",""
"31/10/11","Informal","4.488",""
"01/11/11","Casas de cambio","4.270",""
"01/11/11","Informal","4.620",""
"02/11/11","Casas de cambio","4.270",""
"02/11/11","Informal","4.690",""
"03/11/11","Casas de cambio","4.275",""
"03/11/11","Informal","4.680",""
"04/11/11","Casas de cambio","4.275",""
"04/11/11","Informal","4.670",""
"07/11/11","Casas de cambio","4.280",""
"07/11/11","Informal","4.675",""
"08/11/11","Casas de cambio","4.280",""
"08/11/11","Informal","4.750",""
"09/11/11","Casas de cambio","4.285",""
"09/11/11","Informal","4.870",""
"10/11/11","Casas de cambio","4.285",""
"10/11/11","Informal","4.995",""
"11/11/11","Casas de cambio","4.290",""
"11/11/11","Informal","4.985",""
"14/11/11","Casas de cambio","4.290",""
"14/11/11","Informal","4.790",""
"15/11/11","Casas de cambio","4.295",""
"15/11/11","Informal","4.790",""
"16/11/11","Casas de cambio","4.295",""
"16/11/11","Informal","4.790",""
"17/11/11","Casas de cambio","4.290",""
"17/11/11","Informal","4.790",""
"18/11/11","Casas de cambio","4.285",""
"18/11/11","Informal","4.790",""
"21/11/11","Casas de cambio","4.285",""
"21/11/11","Informal","4.790",""
"22/11/11","Casas de cambio","4.280",""
"22/11/11","Informal","4.790",""
"23/11/11","Casas de cambio","4.280",""
"23/11/11","Informal","4.790",""
"24/11/11","Casas de cambio","4.280",""
"24/11/11","Informal","4.790",""
"25/11/11","Casas de cambio","4.280",""
"25/11/11","Informal","4.790",""
"29/11/11","Casas de cambio","4.290",""
"29/11/11","Informal","4.790",""
"30/11/11","Casas de cambio","4.300",""
"30/11/11","Informal","4.790",""
"01/12/11","Casas de cambio","4.300",""
"01/12/11","Informal","4.790",""
"02/12/11","Casas de cambio","4.305",""
"02/12/11","Informal","4.790",""
"05/12/11","Casas de cambio","4.305",""
"05/12/11","Informal","4.790",""
"06/12/11","Casas de cambio","4.305",""
"06/12/11","Informal","4.790",""
"07/12/11","Casas de cambio","4.305",""
"07/12/11","Informal","4.790",""
"12/12/11","Casas de cambio","4.305",""
"12/12/11","Informal","4.790",""
"13/12/11","Casas de cambio","4.305",""
"13/12/11","Informal","4.790",""
"14/12/11","Casas de cambio","4.305",""
"14/12/11","Informal","4.610",""
"15/12/11","Casas de cambio","4.305",""
"15/12/11","Informal","4.620",""
"16/12/11","Casas de cambio","4.310",""
"16/12/11","Informal","4.610",""
"19/12/11","Casas de cambio","4.310",""
"19/12/11","Informal","4.640",""
"20/12/11","Casas de cambio","4.310",""
"20/12/11","Informal","4.630",""
"21/12/11","Casas de cambio","4.310",""
"21/12/11","Informal","4.630",""
"22/12/11","Casas de cambio","4.310",""
"22/12/11","Informal","4.650",""
"23/12/11","Casas de cambio","4.310",""
"23/12/11","Informal","4.670",""
"26/12/11","Casas de cambio","4.310",""
"26/12/11","Informal","4.650",""
"27/12/11","Casas de cambio","4.310",""
"27/12/11","Informal","4.710",""
"28/12/11","Casas de cambio","4.320",""
"28/12/11","Informal","4.740",""
"29/12/11","Casas de cambio","4.320",""
"29/12/11","Informal","4.735",""
"03/01/12","Casas de cambio","4.325",""
"03/01/12","Informal","4.745",""
"04/01/12","Casas de cambio","4.325",""
"04/01/12","Informal","4.780",""
"05/01/12","Casas de cambio","4.330",""
"05/01/12","Informal","4.790",""
"06/01/12","Casas de cambio","4.335",""
"06/01/12","Informal","4.785",""
"09/01/12","Casas de cambio","4.340",""
"09/01/12","Informal","4.790",""
"10/01/12","Casas de cambio","4.340",""
"10/01/12","Informal","4.790",""
"11/01/12","Casas de cambio","4.340",""
"11/01/12","Informal","4.800",""
"12/01/12","Casas de cambio","4.340",""
"12/01/12","Informal","4.800",""
"13/01/12","Casas de cambio","4.340",""
"13/01/12","Informal","4.805",""
"16/01/12","Casas de cambio","4.340",""
"16/01/12","Informal","4.805",""
"17/01/12","Casas de cambio","4.340",""
"17/01/12","Informal","4.810",""
"18/01/12","Casas de cambio","4.340",""
"18/01/12","Informal","4.825",""
"19/01/12","Casas de cambio","4.340",""
"19/01/12","Informal","4.835",""
"20/01/12","Casas de cambio","4.340",""
"20/01/12","Informal","4.835",""
"23/01/12","Casas de cambio","4.345",""
"23/01/12","Informal","4.840",""
"24/01/12","Casas de cambio","4.345",""
"24/01/12","Informal","4.840",""
"25/01/12","Casas de cambio","4.350",""
"25/01/12","Informal","4.840",""
"26/01/12","Casas de cambio","4.355",""
"26/01/12","Informal","4.845",""
"27/01/12","Casas de cambio","4.355",""
"27/01/12","Informal","4.835",""
"30/01/12","Casas de cambio","4.355",""
"30/01/12","Informal","4.805",""
"31/01/12","Casas de cambio","4.355",""
"31/01/12","Informal","4.790",""
"01/02/12","Casas de cambio","4.355",""
"01/02/12","Informal","4.775",""
"02/02/12","Casas de cambio","4.355",""
"02/02/12","Informal","4.775",""
"03/02/12","Casas de cambio","4.355",""
"03/02/12","Informal","4.775",""
"06/02/12","Casas de cambio","4.355",""
"06/02/12","Informal","4.765",""
"07/02/12","Casas de cambio","4.355",""
"07/02/12","Informal","4.730",""
"08/02/12","Casas de cambio","4.355",""
"08/02/12","Informal","4.730",""
"09/02/12","Casas de cambio","4.365",""
"09/02/12","Informal","4.760",""
"10/02/12","Casas de cambio","4.365",""
"10/02/12","Informal","4.760",""
"13/02/12","Casas de cambio","4.365",""
"13/02/12","Informal","4.740",""
"14/02/12","Casas de cambio","4.365",""
"14/02/12","Informal","4.735",""
"15/02/12","Casas de cambio","4.365",""
"15/02/12","Informal","4.760",""
"16/02/12","Casas de cambio","4.370",""
"16/02/12","Informal","4.735",""
"17/02/12","Casas de cambio","4.370",""
"17/02/12","Informal","4.760",""
"22/02/12","Casas de cambio","4.375",""
"22/02/12","Informal","4.740",""
"23/02/12","Casas de cambio","4.375",""
"23/02/12","Informal","4.730",""
"24/02/12","Casas de cambio","4.375",""
"24/02/12","Informal","4.730",""
"28/02/12","Casas de cambio","4.375",""
"28/02/12","Informal","4.725",""
"29/02/12","Casas de cambio","4.375",""
"29/02/12","Informal","4.720",""
"01/03/12","Casas de cambio","4.375",""
"01/03/12","Informal","4.700",""
"02/03/12","Casas de cambio","4.365",""
"02/03/12","Informal","4.690",""
"05/03/12","Casas de cambio","4.365",""
"05/03/12","Informal","4.685",""
"06/03/12","Casas de cambio","4.370",""
"06/03/12","Informal","4.685",""
"07/03/12","Casas de cambio","4.370",""
"07/03/12","Informal","4.710",""
"08/03/12","Casas de cambio","4.370",""
"08/03/12","Informal","4.710",""
"09/03/12","Casas de cambio","4.370",""
"09/03/12","Informal","4.710",""
"12/03/12","Casas de cambio","4.370",""
"12/03/12","Informal","4.715",""
"13/03/12","Casas de cambio","4.370",""
"13/03/12","Informal","4.720",""
"14/03/12","Casas de cambio","4.375",""
"14/03/12","Informal","4.740",""
"15/03/12","Casas de cambio","4.375",""
"15/03/12","Informal","4.785",""
"16/03/12","Casas de cambio","4.380",""
"16/03/12","Informal","4.815",""
"19/03/12","Casas de cambio","4.380",""
"19/03/12","Informal","4.790",""
"20/03/12","Casas de cambio","4.380",""
"20/03/12","Informal","4.820",""
"21/03/12","Casas de cambio","4.385",""
"21/03/12","Informal","4.855",""
"22/03/12","Casas de cambio","4.385",""
"22/03/12","Informal","4.870",""
"23/03/12","Casas de cambio","4.390",""
"23/03/12","Informal","4.890",""
"26/03/12","Casas de cambio","4.390",""
"26/03/12","Informal","4.905",""
"27/03/12","Casas de cambio","4.395",""
"27/03/12","Informal","4.930",""
"28/03/12","Casas de cambio","4.395",""
"28/03/12","Informal","4.930",""
"29/03/12","Casas de cambio","4.395",""
"29/03/12","Informal","4.940",""
"30/03/12","Casas de cambio","4.395",""
"30/03/12","Informal","4.930",""
"03/04/12","Casas de cambio","4.400",""
"03/04/12","Informal","4.890",""
"04/04/12","Casas de cambio","4.405",""
"04/04/12","Informal","4.905",""
"09/04/12","Casas de cambio","4.405",""
"09/04/12","Informal","4.890",""
"10/04/12","Casas de cambio","4.410",""
"10/04/12","Informal","4.880",""
"11/04/12","Casas de cambio","4.410",""
"11/04/12","Informal","4.890",""
"12/04/12","Casas de cambio","4.410",""
"12/04/12","Informal","4.910",""
"13/04/12","Casas de cambio","4.410",""
"13/04/12","Informal","4.930",""
"16/04/12","Casas de cambio","4.410",""
"16/04/12","Informal","4.950",""
"17/04/12","Casas de cambio","4.410",""
"17/04/12","Informal","5.010",""
"18/04/12","Casas de cambio","4.420",""
"18/04/12","Informal","5.020",""
"19/04/12","Casas de cambio","4.425",""
"19/04/12","Informal","5.020",""
"20/04/12","Casas de cambio","4.430",""
"20/04/12","Informal","5.020",""
"23/04/12","Casas de cambio","4.430",""
"23/04/12","Informal","5.040",""
"24/04/12","Casas de cambio","4.430",""
"24/04/12","Informal","5.130",""
"25/04/12","Casas de cambio","4.430",""
"25/04/12","Informal","5.140",""
"26/04/12","Casas de cambio","4.435",""
"26/04/12","Informal","5.100",""
"27/04/12","Casas de cambio","4.435",""
"27/04/12","Informal","5.090",""
"02/05/12","Casas de cambio","4.440",""
"02/05/12","Informal","5.080",""
"03/05/12","Casas de cambio","4.440",""
"03/05/12","Informal","5.050",""
"04/05/12","Casas de cambio","4.450",""
"04/05/12","Informal","5.040",""
"07/05/12","Casas de cambio","4.455",""
"07/05/12","Informal","5.050",""
"08/05/12","Casas de cambio","4.465",""
"08/05/12","Informal","5.060",""
"09/05/12","Casas de cambio","4.470",""
"09/05/12","Informal","5.080",""
"10/05/12","Casas de cambio","4.470",""
"10/05/12","Informal","5.100",""
"11/05/12","Casas de cambio","4.470",""
"11/05/12","Informal","5.180",""
"14/05/12","Casas de cambio","4.470",""
"14/05/12","Informal","5.228",""
"15/05/12","Casas de cambio","4.448",""
"15/05/12","Informal","5.550",""
"16/05/12","Casas de cambio","4.475",""
"16/05/12","Informal","5.490",""
"17/05/12","Casas de cambio","4.475",""
"17/05/12","Informal","5.590",""
"18/05/12","Casas de cambio","4.475",""
"18/05/12","Informal","5.630",""
"21/05/12","Casas de cambio","4.480",""
"21/05/12","Informal","5.720",""
"22/05/12","Casas de cambio","4.485",""
"22/05/12","Informal","5.940",""
"23/05/12","Casas de cambio","4.490",""
"23/05/12","Informal","6.150",""
"24/05/12","Casas de cambio","4.490",""
"24/05/12","Informal","5.930",""
"28/05/12","Casas de cambio","4.495",""
"28/05/12","Informal","5.890",""
"29/05/12","Casas de cambio","4.495",""
"29/05/12","Informal","5.910",""
"30/05/12","Casas de cambio","4.495",""
"30/05/12","Informal","5.900",""
"31/05/12","Casas de cambio","4.495",""
"31/05/12","Informal","5.920",""
"01/06/12","Casas de cambio","4.495",""
"01/06/12","Informal","5.950",""
"04/06/12","Casas de cambio","4.495",""
"04/06/12","Informal","5.950",""
"05/06/12","Casas de cambio","4.500",""
"05/06/12","Informal","5.950",""
"06/06/12","Casas de cambio","4.510",""
"06/06/12","Informal","5.950",""
"07/06/12","Casas de cambio","4.515",""
"07/06/12","Informal","5.950",""
"08/06/12","Casas de cambio","4.515",""
"08/06/12","Informal","5.950",""
"11/06/12","Casas de cambio","4.515",""
"11/06/12","Informal","5.950",""
"12/06/12","Casas de cambio","4.515",""
"12/06/12","Informal","5.920",""
"13/06/12","Casas de cambio","4.515",""
"13/06/12","Informal","5.920",""
"14/06/12","Casas de cambio","4.515",""
"14/06/12","Informal","5.930",""
"15/06/12","Casas de cambio","4.515",""
"15/06/12","Informal","5.930",""
"18/06/12","Casas de cambio","4.515",""
"18/06/12","Informal","5.920",""
"19/06/12","Casas de cambio","4.515",""
"19/06/12","Informal","5.940",""
"21/06/12","Casas de cambio","4.525",""
"21/06/12","Informal","5.980",""
"22/06/12","Casas de cambio","4.525",""
"22/06/12","Informal","5.980",""
"25/06/12","Casas de cambio","4.530",""
"25/06/12","Informal","5.980",""
"26/06/12","Casas de cambio","4.530",""
"26/06/12","Informal","5.940",""
"27/06/12","Casas de cambio","4.530",""
"27/06/12","Informal","5.950",""
"28/06/12","Casas de cambio","4.540",""
"28/06/12","Informal","5.980",""
"29/06/12","Casas de cambio","4.545",""
"29/06/12","Informal","5.950",""
"02/07/12","Casas de cambio","4.550",""
"02/07/12","Informal","5.960",""
"03/07/12","Casas de cambio","4.550",""
"03/07/12","Informal","5.960",""
"04/07/12","Casas de cambio","4.560",""
"04/07/12","Informal","5.960",""
"05/07/12","Casas de cambio","4.570",""
"05/07/12","Informal","5.970",""
"11/07/12","Casas de cambio","4.575",""
"11/07/12","Informal","6.000",""
"12/07/12","Casas de cambio","4.580",""
"12/07/12","Informal","6.100",""
"13/07/12","Casas de cambio","4.580",""
"13/07/12","Informal","6.170",""
"16/07/12","Casas de cambio","4.585",""
"16/07/12","Informal","6.310",""
"17/07/12","Casas de cambio","4.585",""
"17/07/12","Informal","6.550",""
"18/07/12","Casas de cambio","4.590",""
"18/07/12","Informal","6.800",""
"19/07/12","Casas de cambio","4.580",""
"19/07/12","Informal","6.800",""
"20/07/12","Casas de cambio","4.585",""
"20/07/12","Informal","6.450",""
"23/07/12","Casas de cambio","4.585",""
"23/07/12","Informal","6.420",""
"24/07/12","Casas de cambio","4.590",""
"24/07/12","Informal","6.430",""
"25/07/12","Casas de cambio","4.595",""
"25/07/12","Informal","6.450",""
"26/07/12","Casas de cambio","4.595",""
"26/07/12","Informal","6.420",""
"27/07/12","Casas de cambio","4.595",""
"27/07/12","Informal","6.450",""
"30/07/12","Casas de cambio","4.600",""
"30/07/12","Informal","6.370",""
"31/07/12","Casas de cambio","4.600",""
"31/07/12","Informal","6.320",""
"01/08/12","Casas de cambio","4.600",""
"01/08/12","Informal","6.270",""
"02/08/12","Casas de cambio","4.605",""
"02/08/12","Informal","6.210",""
"03/08/12","Casas de cambio","4.605",""
"03/08/12","Informal","6.200",""
"06/08/12","Casas de cambio","4.610",""
"06/08/12","Informal","6.210",""
"07/08/12","Casas de cambio","4.615",""
"07/08/12","Informal","6.260",""
"08/08/12","Casas de cambio","4.615",""
"08/08/12","Informal","6.260",""
"09/08/12","Casas de cambio","4.615",""
"09/08/12","Informal","6.260",""
"10/08/12","Casas de cambio","4.620",""
"10/08/12","Informal","6.270",""
"13/08/12","Casas de cambio","4.625",""
"13/08/12","Informal","6.280",""
"14/08/12","Casas de cambio","4.630",""
"14/08/12","Informal","6.300",""
"15/08/12","Casas de cambio","4.630",""
"15/08/12","Informal","6.320",""
"16/08/12","Casas de cambio","4.630",""
"16/08/12","Informal","6.330",""
"17/08/12","Casas de cambio","4.635",""
"17/08/12","Informal","6.330",""
"21/08/12","Casas de cambio","4.635",""
"21/08/12","Informal","6.350",""
"22/08/12","Casas de cambio","4.640",""
"22/08/12","Informal","6.400",""
"23/08/12","Casas de cambio","4.640",""
"23/08/12","Informal","6.420",""
"24/08/12","Casas de cambio","4.640",""
"24/08/12","Informal","6.410",""
"27/08/12","Casas de cambio","4.640",""
"27/08/12","Informal","6.380",""
"28/08/12","Casas de cambio","4.650",""
"28/08/12","Informal","6.380",""
"29/08/12","Informal","6.370",""
"29/08/12","Casas de cambio","4.650",""
"30/08/12","Informal","6.370",""
"30/08/12","Casas de cambio","4.650",""
"31/08/12","Informal","6.370",""
"31/08/12","Casas de cambio","4.655",""
"03/09/12","Informal","6.340",""
"03/09/12","Casas de cambio","4.655",""
"04/09/12","Informal","6.350",""
"04/09/12","Casas de cambio","4.655",""
"05/09/12","Informal","6.350",""
"05/09/12","Casas de cambio","4.665",""
"06/09/12","Informal","6.340",""
"06/09/12","Casas de cambio","4.670",""
"07/09/12","Informal","6.330",""
"07/09/12","Casas de cambio","4.675",""
"10/09/12","Informal","6.330",""
"10/09/12","Casas de cambio","4.660",""
"11/09/12","Informal","6.300",""
"11/09/12","Casas de cambio","4.660",""
"12/09/12","Informal","6.320",""
"12/09/12","Casas de cambio","4.660",""
"13/09/12","Informal","6.300",""
"13/09/12","Casas de cambio","4.663",""
"14/09/12","Informal","6.310",""
"14/09/12","Casas de cambio","4.670",""
"17/09/12","Informal","6.300",""
"17/09/12","Casas de cambio","4.673",""
"18/09/12","Informal","6.310",""
"18/09/12","Casas de cambio","4.675",""
"19/09/12","Casas de cambio","4.680",""
"19/09/12","Informal","6.310",""
"20/09/12","Informal","6.320",""
"20/09/12","Casas de cambio","4.680",""
"21/09/12","Informal","6.320",""
"21/09/12","Casas de cambio","4.680",""
"25/09/12","Informal","6.320",""
"25/09/12","Casas de cambio","4.680",""
"26/09/12","Informal","6.290",""
"26/09/12","Casas de cambio","4.680",""
"27/09/12","Informal","6.300",""
"27/09/12","Casas de cambio","4.680",""
"28/09/12","Informal","6.300",""
"28/09/12","Casas de cambio","4.680",""
"01/10/12","Informal","6.260",""
"01/10/12","Casas de cambio","4.680",""
"02/10/12","Informal","6.260",""
"02/10/12","Casas de cambio","4.680",""
"03/10/12","Informal","6.250",""
"03/10/12","Casas de cambio","4.680",""
"04/10/12","Informal","6.190",""
"04/10/12","Casas de cambio","4.680",""
"05/10/12","Informal","6.180",""
"05/10/12","Casas de cambio","4.680",""
"09/10/12","Informal","6.200",""
"09/10/12","Casas de cambio","4.680",""
"10/10/12","Informal","6.210",""
"10/10/12","Casas de cambio","4.680",""
"11/10/12","Informal","6.210",""
"11/10/12","Casas de cambio","4.680",""
"12/10/12","Informal","6.200",""
"12/10/12","Casas de cambio","4.680",""
"15/10/12","Informal","6.200",""
"15/10/12","Casas de cambio","4.680",""
"16/10/12","Informal","6.220",""
"16/10/12","Casas de cambio","4.680",""
"17/10/12","Informal","6.330",""
"17/10/12","Casas de cambio","4.680",""
"18/10/12","Informal","6.320",""
"18/10/12","Casas de cambio","4.750",""
"19/10/12","Informal","6.310",""
"19/10/12","Casas de cambio","4.755",""
"22/10/12","Informal","6.280",""
"22/10/12","Casas de cambio","4.755",""
"23/10/12","Informal","6.320",""
"23/10/12","Casas de cambio","4.760",""
"24/10/12","Casas de cambio","4.765",""
"24/10/12","Informal","6.370",""
"25/10/12","Casas de cambio","4.770",""
"25/10/12","Informal","6.370",""
"26/10/12","Casas de cambio","4.770",""
"26/10/12","Informal","6.380",""
"29/10/12","Casas de cambio","4.770",""
"29/10/12","Informal","6.350",""
"30/10/12","Casas de cambio","4.775",""
"30/10/12","Informal","6.360",""
"31/10/12","Casas de cambio","4.775",""
"31/10/12","Informal","6.340",""
"01/11/12","Casas de cambio","4.785",""
"01/11/12","Informal","6.340",""
"02/11/12","Casas de cambio","4.785",""
"02/11/12","Informal","6.330",""
"05/11/12","Casas de cambio","4.790",""
"05/11/12","Informal","6.340",""
"07/11/12","Casas de cambio","4.790",""
"07/11/12","Informal","6.300",""
"08/11/12","Casas de cambio","4.790",""
"08/11/12","Informal","6.330",""
"09/11/12","Casas de cambio","4.795",""
"09/11/12","Informal","6.330",""
"12/11/12","Casas de cambio","4.795",""
"12/11/12","Informal","6.320",""
"13/11/12","Casas de cambio","4.800",""
"13/11/12","Informal","6.320",""
"14/11/12","Casas de cambio","4.805",""
"14/11/12","Informal","6.350",""
"15/11/12","Casas de cambio","4.805",""
"15/11/12","Informal","6.350",""
"16/11/12","Casas de cambio","4.810",""
"16/11/12","Informal","6.400",""
"19/11/12","Casas de cambio","4.810",""
"19/11/12","Informal","6.360",""
"20/11/12","Casas de cambio","4.815",""
"20/11/12","Informal","6.360",""
"21/11/12","Casas de cambio","4.820",""
"21/11/12","Informal","6.380",""
"22/11/12","Casas de cambio","4.835",""
"22/11/12","Informal","6.410",""
"23/11/12","Casas de cambio","4.840",""
"23/11/12","Informal","6.460",""
"27/11/12","Casas de cambio","4.850",""
"27/11/12","Informal","6.450",""
"28/11/12","Casas de cambio","4.850",""
"28/11/12","Informal","6.470",""
"29/11/12","Casas de cambio","4.855",""
"29/11/12","Informal","6.440",""
"30/11/12","Casas de cambio","4.855",""
"30/11/12","Informal","6.440",""
"03/12/12","Casas de cambio","4.855",""
"03/12/12","Informal","6.440",""
"04/12/12","Casas de cambio","4.860",""
"04/12/12","Informal","6.440",""
"05/12/12","Casas de cambio","4.865",""
"05/12/12","Informal","6.440",""
"06/12/12","Casas de cambio","4.870",""
"06/12/12","Informal","6.440",""
"07/12/12","Casas de cambio","4.875",""
"07/12/12","Informal","6.470",""
"10/12/12","Casas de cambio","4.880",""
"10/12/12","Informal","6.450",""
"11/12/12","Casas de cambio","4.880",""
"11/12/12","Informal","6.440",""
"12/12/12","Casas de cambio","4.880",""
"12/12/12","Informal","6.480",""
"13/12/12","Casas de cambio","4.885",""
"13/12/12","Informal","6.520",""
"14/12/12","Casas de cambio","4.885",""
"14/12/12","Informal","6.530",""
"17/12/12","Casas de cambio","4.895",""
"17/12/12","Informal","6.520",""
"18/12/12","Casas de cambio","4.900",""
"18/12/12","Informal","6.530",""
"19/12/12","Casas de cambio","4.900",""
"19/12/12","Informal","6.550",""
"20/12/12","Casas de cambio","4.910",""
"20/12/12","Informal","6.630",""
"21/12/12","Casas de cambio","4.910",""
"21/12/12","Informal","6.610",""
"26/12/12","Casas de cambio","4.925",""
"26/12/12","Informal","6.640",""
"27/12/12","Casas de cambio","4.925",""
"27/12/12","Informal","6.780",""
"28/12/12","Casas de cambio","4.930",""
"28/12/12","Informal","6.800",""
"02/01/13","Casas de cambio","4.935",""
"02/01/13","Informal","6.910",""
"03/01/13","Casas de cambio","4.935",""
"03/01/13","Informal","7.070",""
"04/01/13","Informal","7.070",""
"04/01/13","Casas de cambio","4.935",""
"07/01/13","Informal","7.040",""
"07/01/13","Casas de cambio","4.945",""
"08/01/13","Casas de cambio","4.945",""
"08/01/13","Informal","7.050",""
"09/01/13","Casas de cambio","4.940",""
"09/01/13","Informal","7.070",""
"10/01/13","Casas de cambio","4.955",""
"10/01/13","Informal","7.250",""
"11/01/13","Casas de cambio","4.960",""
"11/01/13","Informal","7.200",""
"14/01/13","Casas de cambio","4.960",""
"14/01/13","Informal","7.200",""
"15/01/13","Casas de cambio","4.960",""
"15/01/13","Informal","7.340",""
"16/01/13","Informal","7.500",""
"16/01/13","Casas de cambio","4.960",""
"17/01/13","Informal","7.540",""
"17/01/13","Casas de cambio","4.960",""
"18/01/13","Informal","7.470",""
"18/01/13","Casas de cambio","4.960",""
"22/01/13","Informal","7.440",""
"22/01/13","Casas de cambio","4.960",""
"23/01/13","Casas de cambio","4.975",""
"23/01/13","Informal","7.520",""
"24/01/13","Casas de cambio","4.970",""
"24/01/13","Informal","7.560",""
"25/01/13","Casas de cambio","4.980",""
"25/01/13","Informal","7.620",""
"27/01/13","Casas de cambio","4.964",""
"27/01/13","Informal","7.660",""
"28/01/13","Casas de cambio","4.980",""
"28/01/13","Informal","7.660",""
"29/01/13","Casas de cambio","4.990",""
"29/01/13","Informal","7.800",""
"30/01/13","Casas de cambio","4.980",""
"30/01/13","Informal","7.930",""
"01/02/13","Casas de cambio","4.990",""
"01/02/13","Informal","7.920",""
"04/02/13","Casas de cambio","4.990",""
"04/02/13","Informal","7.720",""
"05/02/13","Casas de cambio","4.990",""
"05/02/13","Informal","7.580",""
"06/02/13","Casas de cambio","4.990",""
"06/02/13","Informal","7.700",""
"07/02/13","Casas de cambio","4.990",""
"07/02/13","Informal","7.700",""
"08/02/13","Casas de cambio","5.005",""
"08/02/13","Informal","7.670",""
"13/02/13","Casas de cambio","5.000",""
"13/02/13","Informal","7.650",""
"14/02/13","Casas de cambio","5.010",""
"14/02/13","Informal","7.660",""
"15/02/13","Informal","7.710",""
"15/02/13","Casas de cambio","5.010",""
"18/02/13","Casas de cambio","5.025",""
"18/02/13","Informal","7.700",""
"19/02/13","Casas de cambio","5.025",""
"19/02/13","Informal","7.810",""
"21/02/13","Casas de cambio","5.035","5.010"
"21/02/13","Informal","7.830",""
"25/02/13","Informal","7.800","7.780"
"25/02/13","Casas de cambio","5.045","5.005"
"26/02/13","Casas de cambio","5.070","5.010"
"26/02/13","Informal","7.820","7.780"
"27/02/13","Casas de cambio","5.070","5.020"
"27/02/13","Informal","7.820","7.800"
"28/02/13","Casas de cambio","5.070","5.020"
"28/02/13","Informal","7.840","7.820"
"01/03/13","Casas de cambio","5.090","5.040"
"01/03/13","Informal","7.840","7.820"
"04/03/13","Casas de cambio","5.080","5.030"
"04/03/13","Informal","7.830","7.810"
"05/03/13","Casas de cambio","5.090","5.040"
"05/03/13","Informal","7.820","7.800"
"06/03/13","Casas de cambio","5.010","5.065"
"06/03/13","Informal","7.830","7.810"
"07/03/13","Casas de cambio","5.090","5.040"
"07/03/13","Informal","7.820","7.800"
"08/03/13","Casas de cambio","5.070","5.015"
"08/03/13","Informal","7.830","7.810"
"11/03/13","Casas de cambio","5.090","5.040"
"11/03/13","Informal","7.820","7.800"
"12/03/13","Casas de cambio","5.085","5.030"
"12/03/13","Informal","7.840","7.820"
"13/03/13","Casas de cambio","5.085","5.030"
"13/03/13","Informal","7.920","7.900"
"14/03/13","Casas de cambio","5.095","5.040"
"14/03/13","Informal","7.990","7.970"
"15/03/13","Casas de cambio","5.095","5.040"
"15/03/13","Informal","8.050","8.030"
"18/03/13","Casas de cambio","5.105","5.050"
"18/03/13","Informal","8.080","8.060"
"19/03/13","Casas de cambio","5.105","5.050"
"19/03/13","Informal","8.270","8.250"
"20/03/13","Casas de cambio","5.130","5.080"
"20/03/13","Informal","8.750","8.700"
"21/03/13","Casas de cambio","5.110","5.055"
"21/03/13","Informal","8.500","8.400"
"25/03/13","Casas de cambio","5.060","5.150"
"25/03/13","Informal","8.350","8.220"
"26/03/13","Casas de cambio","5.125","5.070"
"26/03/13","Informal","8.300","8.250"
"27/03/13","Casas de cambio","5.130","5.080"
"27/03/13","Informal","8.470","8.380"
"03/04/13","Casas de cambio","5.140","5.100"
"03/04/13","Informal","8.300","8.250"
"04/04/13","Casas de cambio","5.140","5.105"
"04/04/13","Informal","8.320","8.300"
"05/04/13","Casas de cambio","5.14","5.105"
"05/04/13","Informal","8.400","8.370"
"08/04/13","Casas de cambio","5.145","5.105"
"08/04/13","Informal","8.330","8.300"
"09/04/13","Casas de cambio","5.145","5.110"
"09/04/13","Informal","8.370","8.340"
"10/04/13","Casas de cambio","5.150","5.110"
"10/04/13","Informal","8.390","8.370"
"11/04/13","Casas de cambio","5.155","5.115"
"11/04/13","Informal","8.440","8.420"
"12/04/13","Casas de cambio","5.140","5.115"
"12/04/13","Informal","8.430","8.410"
"15/04/13","Casas de cambio","5.160","5.120"
"15/04/13","Informal","8.420","8.400"
"16/04/13","Casas de cambio","5.165","5.130"
"16/04/13","Informal","8.520","8.500"
"17/04/13","Casas de cambio","5.170","5.130"
"17/04/13","Informal","8.700","8.670"
"18/04/13","Casas de cambio","5.170","5.130"
"18/04/13","Informal","8.660","8.630"
"19/04/13","Casas de cambio","5.170","5.130"
"19/04/13","Informal","8.630","8.600"
"22/04/13","Casas de cambio","5.175","5.135"
"22/04/13","Informal","8.670","8.630"
"23/04/13","Casas de cambio","5.175","5.135"
"23/04/13","Informal","8.860","8.820"
"24/04/13","Casas de cambio","5.185","5.145"
"24/04/13","Informal","8.940","8.910"
"25/04/13","Casas de cambio","5.185","5.145"
"25/04/13","Informal","9.200","9.160"
"26/04/13","Casas de cambio","5.185","5.150"
"26/04/13","Informal","9.340","9.300"
"29/04/13","Casas de cambio","5.190","5.150"
"29/04/13","Informal","9.300","9.270"
"30/04/13","Casas de cambio","5.195","5.155"
"30/04/13","Informal","9.400","9.370"
"02/05/13","Casas de cambio","5.200","5.160"
"02/05/13","Informal","9.630","9.600"
"03/05/13","Casas de cambio","5.210","5.170"
"03/05/13","Informal","9.880","9.840"
"06/05/13","Casas de cambio","5.220","5.180"
"06/05/13","Informal","9.870","9.830"
"07/05/13","Casas de cambio","5.220","5.180"
"07/05/13","Informal","10.080","10.040"
"08/05/13","Casas de cambio","5.225","5.185"
"08/05/13","Informal","10.450","10.400"
"09/05/13","Casas de cambio","5.230","5.190"
"09/05/13","Informal","10.030","9.980"
"10/05/13","Casas de cambio","5.240","5.200"
"10/05/13","Informal","10.030","9.980"
"13/05/13","Casas de cambio","5.250","5.210"
"13/05/13","Informal","10.030","9.980"
"14/05/13","Casas de cambio","5.250","5.210"
"14/05/13","Informal","9.200","9.150"
"15/05/13","Casas de cambio","5.250","5.210"
"15/05/13","Informal","9.050","9.000"
"16/05/13","Casas de cambio","5.245","5.190"
"16/05/13","Informal","8.950","8.900"
"17/05/13","Casas de cambio","5.245","5.190"
"17/05/13","Informal","8.950","8.900"
"20/05/13","Casas de cambio","5.250","5.190"
"20/05/13","Informal","8.900","8.860"
"21/05/13","Casas de cambio","5.255","5.200"
"21/05/13","Informal","8.580","8.530"
"22/05/13","Casas de cambio","5.265","5.210"
"22/05/13","Informal","8.430","8.380"
"23/05/13","Casas de cambio","5.270","5.215"
"23/05/13","Informal","8.800","8.750"
"24/05/13","Casas de cambio","5.275","5.220"
"24/05/13","Informal","8.950","8.900"
"27/05/13","Casas de cambio","5.275","5.220"
"27/05/13","Informal","8.920","8.870"
"28/05/13","Casas de cambio","5.280","5.225"
"28/05/13","Informal","8.880","8.830"
"29/05/13","Casas de cambio","5.280","5.225"
"29/05/13","Informal","8.880","8.830"
"30/05/13","Casas de cambio","5.290","5.235"
"30/05/13","Informal","8.870","8.820"
"31/05/13","Casas de cambio","5.290","5.235"
"31/05/13","Informal","8.800","8.750"
"03/06/13","Casas de cambio","5.295","5.240"
"03/06/13","Informal","8.600","8.550"
"04/06/13","Casas de cambio","5.295","5.240"
"04/06/13","Informal","8.500","8.450"
"05/06/13","Casas de cambio","5.300","5.245"
"05/06/13","Informal","8.550","8.500"
"06/06/13","Casas de cambio","5.300","5.245"
"06/06/13","Informal","8.570","8.520"
"07/06/13","Casas de cambio","5.300","5.245"
"07/06/13","Informal","8.570","8.520"
"10/06/13","Casas de cambio","5.315","5.260"
"10/06/13","Informal","8.570","8.520"
"11/06/13","Casas de cambio","5.320","5.265"
"11/06/13","Informal","8.570","8.520"
"12/06/13","Casas de cambio","5.325","5.270"
"12/06/13","Informal","8.570","8.520"
"13/06/13","Casas de cambio","5.335","5.280"
"13/06/13","Informal","8.570","8.520"
"14/06/13","Casas de cambio","5.335","5.280"
"14/06/13","Informal","8.570","8.520"
"17/06/13","Casas de cambio","5.340","5.290"
"17/06/13","Informal","8.570","8.520"
"18/06/13","Casas de cambio","5.350","5.295"
"18/06/13","Informal","8.570","8.520"
"19/06/13","Casas de cambio","5.355","5.300"
"19/06/13","Informal","8.570","8.520"
"24/06/13","Casas de cambio","5.370","5.315"
"24/06/13","Informal","8.050","8.000"
"25/06/13","Casas de cambio","5.370","5.315"
"25/06/13","Informal","8.130","8.080"
"26/06/13","Casas de cambio","5.375","5.320"
"26/06/13","Informal","8.130","8.080"
"27/06/13","Casas de cambio","5.385","5.330"
"27/06/13","Informal","8.130","8.080"
"28/06/13","Casas de cambio","5.390","5.335"
"28/06/13","Informal","8.130","8.080"
"01/07/13","Casas de cambio","5.395","5.340"
"01/07/13","Informal","8.050","8.000"
"02/07/13","Casas de cambio","5.400","5.345"
"02/07/13","Informal","7.930","7.880"
"03/07/13","Casas de cambio","5.400","5.345"
"03/07/13","Informal","7.950","7.900"
"04/07/13","Casas de cambio","5.415","5.360"
"04/07/13","Informal","7.980","7.930"
"05/07/13","Casas de cambio","5.415","5.358"
"05/07/13","Informal","7.960","7.920"
"08/07/13","Casas de cambio","5.415","5.355"
"08/07/13","Informal","7.980","7.793"
"10/07/13","Casas de cambio","5.420","5.360"
"10/07/13","Informal","8.090","8.020"
"11/07/13","Casas de cambio","5.425","5.365"
"11/07/13","Informal","8.200","8.160"
"12/07/13","Casas de cambio","5.430","5.370"
"12/07/13","Informal","8.300","8.250"
"15/07/13","Casas de cambio","5.440","5.380"
"15/07/13","Informal","8.580","8.530"
"16/07/13","Casas de cambio","5.445","5.385"
"16/07/13","Informal","8.750","8.700"
"17/07/13","Casas de cambio","5.445","5.385"
"17/07/13","Informal","8.850","8.800"
"22/07/13","Casas de cambio","5.460","5.410"
"22/07/13","Informal","8.850","8.800"
"23/07/13","Casas de cambio","5.490","5.440"
"23/07/13","Informal","8.660","8.610"
"29/07/13","Casas de cambio","5.500","5.440"
"29/07/13","Informal","8.660","8.610"
"30/07/13","Casas de cambio","5.505","5.445"
"30/07/13","Informal","8.630","8.570"
"31/07/13","Casas de cambio","5.510","5.450"
"31/07/13","Informal","8.640","8.580"
"05/08/13","Casas de cambio","5.520","5.470"
"05/08/13","Informal","8.560","8.510"
"08/08/13","Casas de cambio","5.540","5.490"
"08/08/13","Informal","8.900","8.600"
"09/08/13","Casas de cambio","5.550","5.500"
"09/08/13","Informal","8.820","8.780"
"12/08/13","Casas de cambio","5.560","5.510"
"12/08/13","Informal","8.750","8.700"
"13/08/13","Casas de cambio","5.560","5.520"
"13/08/13","Informal","8.790","8.730"
"14/08/13","Casas de cambio","5.570","5.520"
"14/08/13","Informal","8.940","8.890"
"15/08/13","Casas de cambio","5.580","5.520"
"15/08/13","Informal","8.950","8.900"
"16/08/13","Casas de cambio","5.580","5.520"
"16/08/13","Informal","8.950","8.900"
"20/08/13","Casas de cambio","5.600","5.560"
"20/08/13","Informal","8.970","8.930"
"21/08/13","Casas de cambio","5.610","5.570"
"21/08/13","Informal","9.040","8.980"
"22/08/13","Casas de cambio","5.610","5.570"
"22/08/13","Informal","9.140","9.080"
"23/08/13","Casas de cambio","5.620","5.580"
"23/08/13","Informal","9.200","9.140"
"26/08/13","Casas de cambio","5.640","5.580"
"26/08/13","Informal","9.200","9.140"
"27/08/13","Casas de cambio","5.640","5.580"
"27/08/13","Informal","9.520","9.400"
"28/08/13","Casas de cambio","5.650","5.590"
"28/08/13","Informal","9.500","9.450"
"02/09/13","Casas de cambio","5.680","5.630"
"02/09/13","Informal","9.300","9.450"
"05/09/13","Casas de cambio","5.710","5.680"
"05/09/13","Informal","9.270","9.230"
"06/09/13","Casas de cambio","5.710","5.650"
"06/09/13","Informal","9.300","9.250"
"10/09/13","Casas de cambio","5.710","5.650"
"10/09/13","Informal","9.160","9.110"
"11/09/13","Casas de cambio","5.720","5.680"
"11/09/13","Informal","9.250","9.200"
"12/09/13","Casas de cambio","5.730","5.670"
"12/09/13","Informal","9.260","9.210"
"16/09/13","Casas de cambio","5.740","5.680"
"16/09/13","Informal","9.300","9.250"
"17/09/13","Casas de cambio","5.740","5.680"
"17/09/13","Informal","9.300","9.250"
"18/09/13","Casas de cambio","5.740","5.680"
"18/09/13","Informal","9.330","9.250"
"19/09/13","Casas de cambio","5.760","5.690"
"19/09/13","Informal","9.350","9.270"
"20/09/13","Casas de cambio","5.760","5.710"
"20/09/13","Informal","9.400","9.320"
"23/09/13","Casas de cambio","5.770","5.720"
"23/09/13","Informal","9.400","9.320"
"24/09/13","Casas de cambio","5.770","5.730"
"24/09/13","Informal","9.420","9.340"
"25/09/13","Casas de cambio","5.770","5.730"
"25/09/13","Informal","9.560","9.480"
"26/09/13","Casas de cambio","5.770","5.730"
"26/09/13","Informal","9.540","9.460"
"30/09/13","Casas de cambio","5.790","5.750"
"30/09/13","Informal","9.540","9.460"
"01/10/13","Casas de cambio","5.790","5.750"
"01/10/13","Informal","9.540","9.460"
"02/10/13","Casas de cambio","5.800","5.760"
"02/10/13","Informal","9.540","9.460"
"03/10/13","Casas de cambio","5.810","5.770"
"03/10/13","Informal","9.600","9.520"
"08/10/13","Casas de cambio","5.820","5.770"
"08/10/13","Informal","9.580","9.500"
"10/10/13","Casas de cambio","5.830","5.780"
"10/10/13","Informal","9.720","9.640"
"15/10/13","Casas de cambio","5.830","5.780"
"15/10/13","Informal","9.820","9.740"
"16/10/13","Casas de cambio","5.840","5.790"
"16/10/13","Informal","9.600","9.520"
"21/10/13","Casas de cambio","5.860","5.820"
"21/10/13","Informal","9.900","9.820"
"22/10/13","Casas de cambio","5.870","5.830"
"22/10/13","Informal","10.000","9.880"
"25/10/13","Casas de cambio","5.870","5.830"
"25/10/13","Informal","10.100","9.880"
"28/10/13","Casas de cambio","5.890","5.840"
"28/10/13","Informal","10.080","10.000"
"29/10/13","Casas de cambio","5.890","5.840"
"29/10/13","Informal","9.920","9.820"
"30/10/13","Casas de cambio","5.900","5.840"
"30/10/13","Informal","9.920","9.820"
"31/10/13","Casas de cambio","5.910","5.850"
"31/10/13","Informal","9.980","9.900"
"05/11/13","Casas de cambio","5.950","5.900"
"05/11/13","Informal","9.930","9.850"
"11/11/13","Casas de cambio","5.970","5.920"
"11/11/13","Informal","9.870","9.790"
"12/11/13","Casas de cambio","5.970","5.920"
"12/11/13","Informal","9.830","9.750"
"13/11/13","Casas de cambio","5.980","5.930"
"13/11/13","Informal","9.820","9.760"
"14/11/13","Casas de cambio","5.980","5.930"
"14/11/13","Informal","9.860","9.780"
"19/11/13","Casas de cambio","6.030","5.980"
"19/11/13","Informal","9.870","9.790"
"20/11/13","Casas de cambio","6.030","5.980"
"20/11/13","Informal","9.920","9.840"
"21/11/13","Casas de cambio","6.050","6.000"
"21/11/13","Informal","9.930","9.850"
"26/11/13","Casas de cambio","6.080","6.030"
"26/11/13","Informal","9.920","9.840"
"27/11/13","Casas de cambio","6.090","6.040"
"27/11/13","Informal","9.810","9.730"
"28/11/13","Casas de cambio","6.120","6.070"
"28/11/13","Informal","9.630","9.580"
"02/12/13","Casas de cambio","6.160","6.140"
"02/12/13","Informal","9.180","9.100"
"03/12/13","Casas de cambio","6.170","6.140"
"03/12/13","Informal","9.300","9.200"
"04/12/13","Casas de cambio","6.205","6.155"
"04/12/13","Informal","9.600","9.540"
"05/12/13","Casas de cambio","6.240","6.190"
"05/12/13","Informal","9.500","9.450"
"09/12/13","Casas de cambio","6.240","6.190"
"09/12/13","Informal","9.500","9.450"
"10/12/13","Casas de cambio","6.260","6.210"
"10/12/13","Informal","9.580","9.500"
"11/12/13","Casas de cambio","6.270","6.220"
"11/12/13","Informal","9.550","9.470"
"12/12/13","Casas de cambio","6.280","6.230"
"12/12/13","Informal","9.570","9.500"
"13/12/13","Casas de cambio","6.290","6.250"
"13/12/13","Informal","9.550","9.500"
"16/12/13","Casas de cambio","6.300","6.250"
"16/12/13","Informal","9.600","9.520"
"19/12/13","Casas de cambio","6.405","6.355"
"19/12/13","Informal","9.730","9.680"
"20/12/13","Casas de cambio","6.420","6.370"
"20/12/13","Informal","9.650","9.600"
"23/12/13","Casas de cambio","6.430","6.380"
"23/12/13","Informal","9.650","9.600"
"26/12/13","Casas de cambio","6.450","6.400"
"26/12/13","Informal","9.700","9.650"
"27/12/13","Casas de cambio","6.450","6.500"
"27/12/13","Informal","9.920","9.970"
"30/12/13","Casas de cambio","6.520","6.470"
"30/12/13","Informal","10.000","9.800"
"02/01/14","Casas de cambio","6.545","6.495"
"02/01/14","Informal","10.000","9.950"
"03/01/14","Casas de cambio","6.565","6.515"
"03/01/14","Informal","10.170","10.120"
"06/01/14","Casas de cambio","6.565","6.515"
"06/01/14","Informal","10.300","10.250"
"07/01/14","Casas de cambio","6.610","6.560"
"07/01/14","Informal","10.900","10.700"
"08/01/14","Casas de cambio","6.615","6.565"
"08/01/14","Informal","10.700","10.650"
"09/01/14","Casas de cambio","6.630","6.580"
"09/01/14","Informal","10.800","10.600"
"10/01/14","Casas de cambio","6.655","6.605"
"10/01/14","Informal","10.800","10.750"
"13/01/14","Casas de cambio","6.680","6.630"
"13/01/14","Informal","10.790","10.750"
"14/01/14","Casas de cambio","6.720","6.670"
"14/01/14","Informal","10.950","10.870"
"15/01/14","Casas de cambio","6.760","6.720"
"15/01/14","Informal","11.210","11.150"
"16/01/14","Casas de cambio","6.790","6.740"
"16/01/14","Informal","11.410","11.380"
"17/01/14","Casas de cambio","6.815","6.765"
"17/01/14","Informal","11.800","11.750"
"20/01/14","Casas de cambio","6.840","6.790"
"20/01/14","Informal","11.650","11.600"
"21/01/14","Casas de cambio","6.900","6.850"
"21/01/14","Informal","11.850","11.700"
"22/01/14","Casas de cambio","7.140","7.100"
"22/01/14","Informal","12.150","12.000"
"23/01/14","Casas de cambio","8.000","7.950"
"23/01/14","Informal","13.000","12.800"
"24/01/14","Casas de cambio","8.000","7.850"
"24/01/14","Informal","11.700","11.000"
"27/01/14","Casas de cambio","8.015","8.010"
"27/01/14","Informal","12.150","11.300"
"28/01/14","Casas de cambio","8.020","7.920"
"28/01/14","Informal","12.500","11.6"
"29/01/14","Casas de cambio","8.020","7.870"
"29/01/14","Informal","12.900","12.3"
"30/01/14","Casas de cambio","8.030","7.980"
"30/01/14","Informal","12.750","12.700"
"31/01/14","Casas de cambio","8.025","7.975"
"31/01/14","Informal","12.650","11.000"
"03/02/14","Casas de cambio","8.025","8.010"
"03/02/14","Informal","12.550","12.000"
"04/02/14","Casas de cambio","8.015","7.960"
"04/02/14","Informal","12.550","12.000"
"05/02/14","Casas de cambio","7.950","7.820"
"05/02/14","Informal","12.500","12.300"
"06/02/14","Casas de cambio","7.910","7.860"
"06/02/14","Informal","12.400","11.400"
"07/02/14","Casas de cambio","7.870","7.820"
"07/02/14","Informal","12.250","11.750"
"10/02/14","Casas de cambio","7.850","7.800"
"10/02/14","Informal","11.850","11.750"
"11/02/14","Casas de cambio","7.830","7.730"
"11/02/14","Informal","11.700","11.400"
"12/02/14","Casas de cambio","7.830","7.730"
"12/02/14","Informal","12.100","12.000"
"13/02/14","Casas de cambio","7.820","7.730"
"13/02/14","Informal","12.150","12.500"
"14/02/14","Casas de cambio","7.800","7.750"
"14/02/14","Informal","11.700","11.600"
"17/02/14","Casas de cambio","7.790","7.740"
"17/02/14","Informal","11.720","11.620"
"18/02/14","Casas de cambio","7.780","7.730"
"18/02/14","Informal","11.780","11.680"
"19/02/14","Casas de cambio","7.770","7.720"
"19/02/14","Informal","11.800","11.700"
"20/02/14","Casas de cambio","7.800","7.750"
"20/02/14","Informal","11.800","11.700"
"24/02/14","Casas de cambio","7.840","7.790"
"24/02/14","Informal","11.750","11.650"
"25/02/14","Casas de cambio","7.870","7.820"
"25/02/14","Informal","11.650","11.550"
"26/02/14","Casas de cambio","7.890","7.840"
"26/02/14","Informal","11.550","11.500"
"27/02/14","Casas de cambio","7.890","7.840"
"27/02/14","Informal","11.550","11.500"
"28/02/14","Casas de cambio","7.895","7.835"
"28/02/14","Informal","11.250","11.200"
"05/03/14","Casas de cambio","7.900","7.800"
"05/03/14","Informal","10.550","10.500"
"06/03/14","Casas de cambio","7.900","7.800"
"06/03/14","Informal","11.000","10.800"
"7-mar.-2014","Casas de cambio","7.900","7.800"
"7-mar.-2014","Informal","11.150","11.100"
"10/03/14","Casas de cambio","7.870","7.820"
"10/03/14","Informal","11.050","10.950"
"11/03/14","Casas de cambio","7.870","7.820"
"11/03/14","Informal","11.050","10.950"
"12/03/14","Casas de cambio","7.890","7.840"
"12/03/14","Informal","10.850","10.700"
"13/03/14","Casas de cambio","7.880","7.830"
"13/03/14","Informal","10.900","10.800"
"17/03/14","Casas de cambio","7.920","7.870"
"17/03/14","Informal","10.950","10.850"
"18/03/14","Casas de cambio","7.930","7.880"
"18/03/14","Informal","10.900","10.800"
"18/03/14","Bolsa","10.090","10.090"
"19/03/14","Casas de cambio","7.960","7.910"
"19/03/14","Informal","10.900","10.800"
"19/03/14","Bolsa","10.080","10.080"
"20/03/14","Casas de cambio","7.960","7.910"
"20/03/14","Informal","10.900","10.800"
"20/03/14","Bolsa","10.080","10.080"
"21/03/14","Casas de cambio","7.995","7.945"
"21/03/14","Informal","10.950","10.850"
"25/03/14","Casas de cambio","8.020","7.920"
"25/03/14","Informal","10.900","10.800"
"25/03/14","Bolsa","10.220","10.220"
"26/03/14","Casas de cambio","8.030","7.930"
"26/03/14","Informal","10.900","10.800"
"26/03/14","Bolsa","10.340","10.340"
"27/03/14","Casas de cambio","8.010","7.910"
"27/03/14","Informal","10.900","10.800"
"27/03/14","Bolsa","10.400","10.400"
"31/03/14","Casas de cambio","8.010","7.916"
"31/03/14","Informal","10.850","10.750"
"31/03/14","Bolsa","10.170","10.170"
"03/04/14","Casas de cambio","8.010","7.960"
"03/04/14","Informal","10.800","10.700"
"03/04/14","Bolsa","10.340","10.340"
"07/04/14","Casas de cambio","8.010","7.960"
"07/04/14","Informal","10.700","10.600"
"07/04/14","Bolsa","10.130","10.130"
"08/04/14","Casas de cambio","8.030","7.960"
"08/04/14","Informal","10.400","10.300"
"08/04/14","Bolsa","9.870","9.870"
"09/04/14","Casas de cambio","8.030","7.960"
"09/04/14","Informal","10.300","10.200"
"09/04/14","Bolsa","9.860","9.860"
"10/04/14","Casas de cambio","8.010","7.960"
"10/04/14","Informal","10.300","10.200"
"10/04/14","Bolsa","9.840","9.840"
"14/04/14","Casas de cambio","8.010","7.960"
"14/04/14","Informal","10.380","10.280"
"14/04/14","Bolsa","9.980","9.980"
"15/04/14","Casas de cambio","8.030","7.960"
"15/04/14","Informal","10.450","10.250"
"15/04/14","Bolsa","10.030","10.030"
"16/04/14","Casas de cambio","8.010","7.960"
"16/04/14","Informal","10.400","10.250"
"16/04/14","Bolsa","10.000","10.000"
"21/04/14","Casas de cambio","8.010","7.960"
"21/04/14","Informal","10.400","10.250"
"21/04/14","Bolsa","10.000","10.000"
"22/04/14","Casas de cambio","8.010","7.960"
"22/04/14","Informal","10.400","10.250"
"22/04/14","Bolsa","9.940","9.940"
"23/04/14","Casas de cambio","8.030","7.930"
"23/04/14","Informal","10.550","10.350"
"23/04/14","Bolsa","9.840","9.840"
"24/04/14","Casas de cambio","8.010","7.960"
"24/04/14","Informal","10.500","10.400"
"24/04/14","Bolsa","9.840","9.840"
"28/04/14","Casas de cambio","8.010","7.960"
"28/04/14","Informal","10.750","10.650"
"28/04/14","Bolsa","9.970","9.970"
"29/04/14","Casas de cambio","8.010","7.960"
"29/04/14","Informal","10.700","10.600"
"29/04/14","Bolsa","9.970","9.970"
"30/04/14","Casas de cambio","8.030","7.960"
"30/04/14","Informal","10.500","10.300"
"30/04/14","Bolsa","9.970","9.970"
"05/05/14","Casas de cambio","8.010","7.960"
"05/05/14","Informal","10.550","10.350"
"05/05/14","Bolsa","10.220","10.220"
"06/05/14","Casas de cambio","8.010","7.960"
"06/05/14","Informal","10.500","10.300"
"06/05/14","Bolsa","10.170","10.170"
"07/05/14","Casas de cambio","8.030","7.960"
"07/05/14","Informal","10.700","10.500"
"07/05/14","Bolsa","10.070","10.070"
"08/05/14","Casas de cambio","8.010","7.960"
"08/05/14","Informal","10.750","10.550"
"08/05/14","Bolsa","10.030","10.030"
"09/05/14","Casas de cambio","8.020","7.970"
"09/05/14","Informal","10.700","10.600"
"12/05/14","Casas de cambio","8.020","7.960"
"12/05/14","Informal","10.600","10.400"
"12/05/14","Bolsa","10.030","10.030"
"13/05/14","Casas de cambio","8.040","7.970"
"13/05/14","Informal","10.800","10.600"
"13/05/14","Bolsa","10.030","10.030"
"14/05/14","Casas de cambio","8.040","7.970"
"14/05/14","Informal","10.750","10.650"
"14/05/14","Bolsa","10.050","10.050"
"15/05/14","Casas de cambio","8.080","7.980"
"15/05/14","Informal","10.900","10.750"
"15/05/14","Bolsa","10.770","10.770"
"16/05/14","Casas de cambio","8.080","8.020"
"16/05/14","Informal","11.000","10.900"
"19/05/14","Casas de cambio","8.100","8.020"
"19/05/14","Informal","11.300","11.100"
"19/05/14","Bolsa","11.200","11.200"
"20/05/14","Casas de cambio","8.090","8.020"
"20/05/14","Informal","11.700","11.500"
"20/05/14","Bolsa","11.240","11.240"
"21/05/14","Casas de cambio","8.090","7.990"
"21/05/14","Informal","12.100","12.000"
"21/05/14","Bolsa","11.370","11.370"
"22/05/14","Casas de cambio","8.070","7.990"
"22/05/14","Informal","11.900","11.800"
"22/05/14","Bolsa","11.370","11.370"
"23/05/14","Casas de cambio","8.075","8.025"
"23/05/14","Informal","11.370","11.270"
"26/05/14","Casas de cambio","8.080","7.990"
"26/05/14","Informal","11.500","11.400"
"26/05/14","Bolsa","11.210","11.210"
"27/05/14","Casas de cambio","8.110","8.010"
"27/05/14","Informal","11.700","11.500"
"27/05/14","Bolsa","11.440","11.440"
"28/05/14","Casas de cambio","8.080","8.010"
"28/05/14","Informal","11.950","11.650"
"28/05/14","Bolsa","11.470","11.470"
"29/05/14","Casas de cambio","8.090","8.020"
"29/05/14","Informal","11.800","11.700"
"29/05/14","Bolsa","11.360","11.360"
"30/05/14","Casas de cambio","8.095","8.045"
"30/05/14","Informal","11.400","11.300"
"02/06/14","Casas de cambio","8.100","8.050"
"02/06/14","Informal","11.400","11.300"
"02/06/14","Bolsa","11.360","11.360"
"03/06/14","Casas de cambio","8.110","8.060"
"03/06/14","Informal","11.500","11.400"
"03/06/14","Bolsa","10.900","10.900"
"04/06/14","Casas de cambio","8.120","8.070"
"04/06/14","Informal","11.550","11.450"
"04/06/14","Bolsa","10.900","10.900"
"05/06/14","Casas de cambio","8.140","8.090"
"05/06/14","Informal","11.550","11.450"
"05/06/14","Bolsa","10.900","10.900"
"06/06/14","Casas de cambio","8.150","8.090"
"06/06/14","Informal","11.550","11.450"
"06/06/14","Bolsa","10.900","10.900"
"10/06/14","Casas de cambio","8.150","8.100"
"10/06/14","Informal","11.600","11.500"
"11/06/14","Casas de cambio","8.150","8.100"
"11/06/14","Informal","11.600","11.500"
"12/06/14","Casas de cambio","8.150","8.100"
"12/06/14","Informal","11.600","11.500"
"13/06/14","Casas de cambio","8.150","8.100"
"13/06/14","Informal","11.650","11.6"
"16/06/14","Casas de cambio","8.150","8.110"
"16/06/14","Informal","11.850","11.750"
"17/06/14","Casas de cambio","8.150","8.100"
"17/06/14","Informal","12.200","12.150"
"17/06/14","Bolsa","11.560","11.520"
"18/06/14","Casas de cambio","8.150","8.100"
"18/06/14","Informal","12.300","12.200"
"18/06/14","Bolsa","11.540","11.540"
"19/06/14","Casas de cambio","8.150","8.100"
"19/06/14","Informal","12.400","12.350"
"19/06/14","Bolsa","11.240","11.240"
"23/06/14","Casas de cambio","8.150","8.100"
"23/06/14","Informal","11.800","11.700"
"23/06/14","Bolsa","11.060","11.060"
"24/06/14","Casas de cambio","8.150","8.100"
"24/06/14","Informal","12.000","11.900"
"24/06/14","Bolsa","10.800","10.800"
"25/06/14","Casas de cambio","8.150","8.100"
"25/06/14","Informal","12.050","12.000"
"25/06/14","Bolsa","11.060","11.060"
"26/06/14","Casas de cambio","8.150","8.100"
"26/06/14","Informal","12.050","12.000"
"26/06/14","Bolsa","10.960","10.960"
"27/06/14","Casas de cambio","8.150","8.100"
"27/06/14","Informal","12.150","12.050"
"30/06/14","Casas de cambio","8.150","8.100"
"30/06/14","Informal","12.100","12.000"
"30/06/14","Bolsa","11.100","11.100"
"01/07/14","Casas de cambio","8.150","8.100"
"01/07/14","Informal","12.050","12.000"
"02/07/14","Casas de cambio","8.160","8.110"
"02/07/14","Informal","12.000","11.800"
"02/07/14","Bolsa","11.070","11.070"
"03/07/14","Casas de cambio","8.150","8.100"
"03/07/14","Informal","11.950","11.850"
"04/07/14","Casas de cambio","8.150","8.100"
"04/07/14","Informal","11.950","11.850"
"07/07/14","Casas de cambio","8.160","8.110"
"07/07/14","Informal","11.950","11.850"
"07/07/14","Bolsa","10.880","10.880"
"08/07/14","Casas de cambio","8.160","8.110"
"08/07/14","Informal","11.950","11.850"
"08/07/14","Bolsa","10.880","10.880"
"10/07/14","Casas de cambio","8.170","8.120"
"10/07/14","Informal","12.000","11.900"
"10/07/14","Bolsa","10.600","10.600"
"11/07/14","Casas de cambio","8.170","8.110"
"11/07/14","Informal","11.900","11.800"
"14/07/14","Casas de cambio","8.170","8.120"
"14/07/14","Informal","12.000","11.900"
"14/07/14","Bolsa","10.920","10.920"
"15/07/14","Casas de cambio","8.170","8.120"
"15/07/14","Informal","12.100","12.000"
"15/07/14","Bolsa","10.940","10.940"
"16/07/14","Casas de cambio","8.170","8.120"
"16/07/14","Informal","12.200","12.100"
"17/07/14","Casas de cambio","8.170","8.120"
"17/07/14","Informal","12.250","12.150"
"17/07/14","Bolsa","11.110","11.110"
"18/07/14","Casas de cambio","8.170","8.120"
"18/07/14","Informal","12.250","12.150"
"21/07/14","Casas de cambio","8.180","8.130"
"21/07/14","Informal","12.200","12.100"
"21/07/14","Bolsa","11.110","11.110"
"22/07/14","Casas de cambio","8.180","8.130"
"22/07/14","Informal","12.500","12.300"
"22/07/14","Bolsa","11.060","11.060"
"23/07/14","Casas de cambio","8.180","8.130"
"23/07/14","Informal","12.600","12.300"
"23/07/14","Bolsa","11.100","11.100"
"24/07/14","Casas de cambio","8.180","8.130"
"24/07/14","Informal","12.550","12.300"
"24/07/14","Bolsa","11.100","11.100"
"25/07/14","Casas de cambio","8.190","8.140"
"25/07/14","Informal","12.600","12.500"
"28/07/14","Casas de cambio","8.200","8.150"
"28/07/14","Informal","12.900","12.800"
"29/07/14","Casas de cambio","8.210","8.160"
"29/07/14","Informal","12.800","12.700"
"30/07/14","Casas de cambio","8.220","8.180"
"30/07/14","Informal","12.300","12.150"
"30/07/14","Bolsa","11.020","11.020"
"31/07/14","Casas de cambio","8.220","8.120"
"31/07/14","Informal","12.800","12.600"
"31/07/14","Bolsa","11.310","11.310"
"01/08/14","Casas de cambio","8.230","8.180"
"01/08/14","Informal","12.700","12.600"
"04/08/14","Casas de cambio","8.280","8.230"
"04/08/14","Informal","12.700","12.600"
"04/08/14","Bolsa","11.310","11.310"
"05/08/14","Casas de cambio","8.280","8.230"
"05/08/14","Informal","12.700","12.600"
"05/08/14","Bolsa","11.310","11.310"
"06/08/14","Casas de cambio","8.280","8.270"
"06/08/14","Informal","12.800","12.700"
"06/08/14","Bolsa","11.670","11.670"
"07/08/14","Casas de cambio","8.280","8.270"
"07/08/14","Informal","12.800","12.700"
"07/08/14","Bolsa","11.670","11.670"
"11/08/14","Casas de cambio","8.290","8.270"
"11/08/14","Informal","12.800","12.700"
"11/08/14","Bolsa","11.670","11.670"
"12/08/14","Casas de cambio","8.290","8.270"
"12/08/14","Informal","12.800","12.700"
"12/08/14","Bolsa","12.500","11.670"
"13/08/14","Casas de cambio","8.290","8.240"
"13/08/14","Informal","13.150","12.950"
"13/08/14","Bolsa","12.600","12.600"
"14/08/14","Casas de cambio","8.290","8.240"
"14/08/14","Informal","13.250","13.150"
"14/08/14","Bolsa","12.600","12.600"
"15/08/14","Casas de cambio","8.290","8.240"
"15/08/14","Informal","13.200","13.100"
"19/08/14","Casas de cambio","8.300","8.250"
"19/08/14","Informal","13.200","13.100"
"19/08/14","Bolsa","12.470","12.470"
"20/08/14","Casas de cambio","8.330","8.230"
"20/08/14","Informal","13.400","13.200"
"20/08/14","Bolsa","12.870","12.870"
"21/08/14","Casas de cambio","8.400","8.350"
"21/08/14","Informal","13.950","13.850"
"21/08/14","Bolsa","13.190","13.190"
"22/08/14","Casas de cambio","8.440","8.370"
"22/08/14","Informal","13.880","13.600"
"25/08/14","Casas de cambio","8.440","8.400"
"25/08/14","Informal","13.980","13.880"
"25/08/14","Bolsa","13.160","13.160"
"26/08/14","Casas de cambio","8.420","8.370"
"26/08/14","Informal","14.200","13.950"
"26/08/14","Bolsa","13.370","13.370"
"27/08/14","Casas de cambio","8.420","8.370"
"27/08/14","Informal","14.380","14.280"
"27/08/14","Bolsa","13.810","13.810"
"28/08/14","Casas de cambio","8.420","8.370"
"28/08/14","Informal","14.400","14.200"
"28/08/14","Bolsa","13.090","13.090"
"29/08/14","Casas de cambio","8.420","8.370"
"29/08/14","Informal","14.050","13.950"
"29/08/14","Bolsa","13.090","13.090"
"01/09/14","Casas de cambio","8.420","8.370"
"01/09/14","Informal","14.200","14.100"
"01/09/14","Bolsa","13.090","13.090"
"02/09/14","Casas de cambio","8.420","8.370"
"02/09/14","Informal","14.250","14.150"
"02/09/14","Bolsa","13.060","13.060"
"03/09/14","Casas de cambio","8.420","8.370"
"03/09/14","Informal","14.200","14.100"
"03/09/14","Bolsa","13.060","13.060"
"04/09/14","Casas de cambio","8.420","8.370"
"04/09/14","Informal","14.000","13.900"
"04/09/14","Bolsa","13.060","13.060"
"08/09/14","Casas de cambio","8.420","8.370"
"08/09/14","Informal","14.150","14.050"
"08/09/14","Bolsa","12.610","12.610"
"09/09/14","Casas de cambio","8.420","8.370"
"09/09/14","Informal","14.250","14.150"
"09/09/14","Bolsa","13.490","13.490"
"10/09/14","Casas de cambio","8.420","8.370"
"10/09/14","Informal","14.250","14.150"
"10/09/14","Bolsa","13.490","13.490"
"11/09/14","Casas de cambio","8.420","8.370"
"11/09/14","Informal","14.250","14.150"
"11/09/14","Bolsa","13.640","13.640"
"15/09/14","Casas de cambio","8.420","8.370"
"15/09/14","Informal","14.450","14.250"
"15/09/14","Bolsa","13.640","13.640"
"16/09/14","Casas de cambio","8.420","8.370"
"16/09/14","Informal","14.700","14.500"
"16/09/14","Bolsa","13.640","13.640"
"17/09/14","Casas de cambio","8.430","8.370"
"17/09/14","Informal","15.000","14.800"
"18/09/14","Casas de cambio","8.430","8.380"
"18/09/14","Informal","15.100","15.000"
"18/09/14","Bolsa","13.640","13.640"
"19/09/14","Casas de cambio","8.430","8.380"
"19/09/14","Informal","15.000","14.900"
"22/09/14","Casas de cambio","8.450","8.400"
"22/09/14","Informal","15.150","15.050"
"23/09/14","Casas de cambio","8.430","8.400"
"23/09/14","Informal","15.450","15.200"
"23/09/14","Bolsa","14.710","14.710"
"24/09/14","Casas de cambio","8.430","8.400"
"24/09/14","Informal","15.800","15.600"
"25/09/14","Casas de cambio","8.420","8.390"
"25/09/14","Informal","15.780","15.500"
"25/09/14","Bolsa","14.470","14.470"
"26/09/14","Casas de cambio","8.460","8.410"
"26/09/14","Informal","15.750","15.650"
"26/09/14","Bolsa","14.860","14.860"
"29/09/14","Informal","15.600","15.650"
"29/09/14","Bolsa","15.020","14.860"
"29/09/14","Casas de cambio","8.480","8.410"
"30/09/14","Casas de cambio","8.430","8.400"
"30/09/14","Informal","15.670","15.500"
"30/09/14","Bolsa","15.050","15.050"
"01/10/14","Casas de cambio","8.450","8.330"
"01/10/14","Informal","15.650","15.450"
"01/10/14","Bolsa","14.540","14.540"
"02/10/14","Casas de cambio","8.440","8.330"
"02/10/14","Informal","15.600","15.400"
"02/10/14","Bolsa","14.200","14.200"
"03/10/14","Casas de cambio","8.480","8.430"
"03/10/14","Informal","15.300","15.200"
"03/10/14","Bolsa","14.130","14.070"
"06/10/14","Casas de cambio","8.470","8.430"
"06/10/14","Informal","14.950","14.600"
"06/10/14","Bolsa","13.900","13.900"
"07/10/14","Casas de cambio","8.470","8.430"
"07/10/14","Informal","14.700","14.500"
"07/10/14","Bolsa","13.820","13.820"
"08/10/14","Casas de cambio","8.480","8.430"
"08/10/14","Informal","14.650","14.500"
"08/10/14","Bolsa","13.830","13.830"
"09/10/14","Casas de cambio","8.480","8.430"
"09/10/14","Informal","14.800","14.600"
"09/10/14","Bolsa","13.280","13.280"
"10/10/14","Casas de cambio","8.480","8.430"
"10/10/14","Informal","14.830","14.600"
"10/10/14","Bolsa","13.280","13.280"
"14/10/14","Casas de cambio","8.480","8.430"
"14/10/14","Informal","14.800","14.600"
"14/10/14","Bolsa","13.100","13.100"
"15/10/14","Casas de cambio","8.480","8.430"
"15/10/14","Informal","14.730","14.700"
"15/10/14","Bolsa","13.150","13.150"
"16/10/14","Casas de cambio","8.480","8.430"
"16/10/14","Informal","14.700","14.670"
"16/10/14","Bolsa","13.530","13.150"
"17/10/14","Casas de cambio","8.480","8.440"
"17/10/14","Informal","14.700","14.650"
"17/10/14","Bolsa","13.520","13.150"
"20/10/14","Casas de cambio","8.480","8.440"
"20/10/14","Informal","14.800","14.600"
"20/10/14","Bolsa","13.700","13.700"
"21/10/14","Casas de cambio","8.480","8.450"
"21/10/14","Informal","14.680","14.580"
"21/10/14","Bolsa","13.630","13.630"
"22/10/14","Casas de cambio","8.500","8.460"
"22/10/14","Informal","14.700","14.600"
"22/10/14","Bolsa","13.590","13.590"
"23/10/14","Casas de cambio","8.490","8.490"
"23/10/14","Informal","14.690","14.580"
"23/10/14","Bolsa","13.270","13.270"
"24/10/14","Casas de cambio","8.490","8.490"
"24/10/14","Informal","14.700","14.580"
"24/10/14","Bolsa","13.370","13.370"
"27/10/14","Casas de cambio","8.500","8.490"
"27/10/14","Informal","14.680","14.580"
"27/10/14","Bolsa","13.570","13.570"
"28/10/14","Casas de cambio","8.500","8.490"
"28/10/14","Informal","14.620","14.580"
"28/10/14","Bolsa","13.670","13.670"
"29/10/14","Casas de cambio","8.500","8.490"
"29/10/14","Informal","14.530","14.500"
"29/10/14","Bolsa","13.200","13.200"
"29/10/14","Casas de cambio","8.500","8.400"
"29/10/14","Informal","14.300","14.100"
"29/10/14","Bolsa","13.110","13.110"
"03/11/14","Casas de cambio","8.510","8.430"
"03/11/14","Informal","13.900","13.900"
"03/11/14","Bolsa","13.100","13.100"
"04/11/14","Casas de cambio","8.520","8.470"
"04/11/14","Informal","13.600","13.500"
"04/11/14","Bolsa","13.350","13.350"
"05/11/14","Casas de cambio","8.510","8.470"
"05/11/14","Informal","13.500","13.480"
"05/11/14","Bolsa","13.350","13.35"
"06/11/14","Casas de cambio","8.500","8.470"
"06/11/14","Informal","13.5","13.500"
"06/11/14","Bolsa","13.270","13.270"
"07/11/14","Casas de cambio","8.510","8.510"
"07/11/14","Informal","13.1","13.08"
"07/11/14","Bolsa","13.270","13.270"
"10/11/14","Casas de cambio","8.520","8.500"
"10/11/14","Informal","12.400","12.350"
"10/11/14","Bolsa","12.940","12.940"
"11/11/14","Casas de cambio","8.510","8.500"
"11/11/14","Informal","13.150","12.950"
"11/11/14","Bolsa","12.640","12.640"
"12/11/14","Casas de cambio","8.510","8.500"
"12/11/14","Informal","13.150","12.950"
"12/11/14","Bolsa","12.700","12.700"
"13/11/14","Casas de cambio","8.510","8.470"
"13/11/14","Informal","13.450","13.200"
"13/11/14","Bolsa","12.400","12.400"
"14/11/14","Casas de cambio","8.510","8.470"
"14/11/14","Informal","13.380","13.200"
"14/11/14","Bolsa","12.300","12.300"
"17/11/14","Casas de cambio","8.510","8.470"
"17/11/14","Informal","13.380","13.350"
"17/11/14","Bolsa","12.300","12.300"
"18/11/14","Casas de cambio","8.520","8.470"
"18/11/14","Informal","13.480","13.380"
"18/11/14","Bolsa","12.270","12.270"
"19/11/14","Casas de cambio","8.520","8.480"
"19/11/14","Informal","13.550","13.450"
"19/11/14","Bolsa","11.980","11.980"
"20/11/14","Casas de cambio","8.520","8.500"
"20/11/14","Informal","13.550","13.450"
"20/11/14","Bolsa","11.990","11.990"
"21/11/14","Casas de cambio","8.520","8.480"
"21/11/14","Informal","13.380","13.280"
"21/11/14","Bolsa","11.950","11.950"
"25/11/14","Casas de cambio","8.520","8.480"
"25/11/14","Informal","13.380","13.280"
"25/11/14","Bolsa","12.060","12.060"
"26/11/14","Casas de cambio","8.530","8.500"
"26/11/14","Informal","13.300","13.280"
"26/11/14","Bolsa","11.840","11.840"
"27/11/14","Casas de cambio","8.520","8.500"
"27/11/14","Informal","13.300","13.280"
"27/11/14","Bolsa","11.930","11.930"
"01/12/14","Casas de cambio","8.530","8.430"
"01/12/14","Informal","13.000","12.800"
"01/12/14","Bolsa","11.920","11.920"
"02/12/14","Casas de cambio","8.540","8.440"
"02/12/14","Informal","12.900","12.700"
"02/12/14","Bolsa","11.990","11.990"
"03/12/14","Casas de cambio","8.540","8.440"
"03/12/14","Informal","13.080","12.980"
"03/12/14","Bolsa","11.970","11.970"
"04/12/14","Casas de cambio","8.550","8.440"
"04/12/14","Informal","13.050","12.980"
"04/12/14","Bolsa","12.040","12.040"
"05/12/14","Casas de cambio","8.550","8.510"
"05/12/14","Informal","12.780","12.580"
"05/12/14","Bolsa","12.030","12.030"
"10/12/14","Casas de cambio","8.560","8.470"
"10/12/14","Informal","12.760","12.560"
"10/12/14","Bolsa","11.600","11.600"
"12/12/14","Casas de cambio","8.550","8.470"
"12/12/14","Informal","12.800","12.690"
"12/12/14","Bolsa","11.770","11.770"
"15/12/14","Casas de cambio","8.550","8.460"
"15/12/14","Informal","13.200","13.000"
"15/12/14","Bolsa","11.630","11.630"
"16/12/14","Casas de cambio","8.550","8.470"
"16/12/14","Informal","13.150","13.000"
"16/12/14","Bolsa","11.720","11.720"
"17/12/14","Casas de cambio","8.550","8.460"
"17/12/14","Informal","13.100","12.500"
"17/12/14","Bolsa","11.760","11.760"
"18/12/14","Casas de cambio","8.560","8.520"
"18/12/14","Informal","13.180","13.050"
"18/12/14","Bolsa","11.850","11.850"
"19/12/14","Casas de cambio","8.570","8.530"
"19/12/14","Informal","13.180","13.150"
"19/12/14","Bolsa","11.740","11.740"
"23/12/14","Casas de cambio","8.570","8.530"
"23/12/14","Informal","13.400","13.170"
"23/12/14","Bolsa","11.770","11.770"
"29/12/14","Casas de cambio","8.550","8.530"
"29/12/14","Informal","13.730","13.710"
"29/12/14","Bolsa","11.640","11.640"
"30/12/14","Casas de cambio","8.550","8.530"
"30/12/14","Informal","13.730","13.710"
"30/12/14","Bolsa","11.640","11.640"
"02/01/15","Casas de cambio","8.550","8.530"
"02/01/15","Informal","13.850","13.710"
"02/01/15","Bolsa","12.000","11.640"
"06/01/15","Casas de cambio","8.550","8.530"
"06/01/15","Informal","13.780","13.650"
"06/01/15","Bolsa","12.260","11.640"
"07/01/15","Casas de cambio","8.550","8.530"
"07/01/15","Informal","13.850","13.800"
"07/01/15","Bolsa","12.260","12.260"
"08/01/15","Casas de cambio","8.570","8.530"
"08/01/15","Informal","13.900","13.700"
"08/01/15","Bolsa","12.310","12.310"
"09/01/15","Casas de cambio","8.590","8.570"
"09/01/15","Informal","13.770","13.750"
"09/01/15","Bolsa","12.300","12.300"
"12/01/15","Casas de cambio","8.590","8.570"
"12/01/15","Informal","13.700","13.650"
"12/01/15","Bolsa","12.430","12.430"
"13/01/15","Casas de cambio","8.590","8.570"
"13/01/15","Informal","13.560","13.300"
"13/01/15","Bolsa","12.530","12.530"
"14/01/15","Casas de cambio","8.600","8.570"
"14/01/15","Informal","13.600","13.400"
"14/01/15","Bolsa","12.900","12.900"
"15/01/15","Casas de cambio","8.600","8.570"
"15/01/15","Informal","13.620","13.570"
"15/01/15","Bolsa","12.640","12.640"
"21/01/15","Casas de cambio","8.620","8.570"
"21/01/15","Informal","13.600","13.400"
"21/01/15","Bolsa","12.390","12.390"
"26/01/15","Casas de cambio","8.620","8.570"
"26/01/15","Informal","13.650","13.400"
"26/01/15","Bolsa","12.460","12.460"
"03/02/15","Casas de cambio","8.660","8.560"
"03/02/15","Informal","13.300","13.330"
"03/02/15","Bolsa","12.480","12.480"
"09/02/15","Casas de cambio","8.660","8.560"
"09/02/15","Informal","13.200","13.000"
"09/02/15","Bolsa","12.470","12.470"
"12/02/15","Casas de cambio","8.670","8.570"
"12/02/15","Informal","13.120","12.900"
"12/02/15","Bolsa","12.190","12.190"
"19/02/15","Casas de cambio","8.690","8.580"
"19/02/15","Informal","12.900","12.700"
"19/02/15","Bolsa","12.190","12.190"
"23/02/15","Casas de cambio","8.710","8.600"
"23/02/15","Informal","13.000","12.800"
"23/02/15","Bolsa","12.050","12.050"
"24/02/15","Casas de cambio","8.720","8.610"
"24/02/15","Informal","13.250","13.000"
"24/02/15","Bolsa","11.780","11.780"
"05/03/15","Casas de cambio","8.750","8.660"
"05/03/15","Informal","12.850","12.650"
"05/03/15","Bolsa","12.060","12.060"
"10/03/15","Casas de cambio","8.780","8.670"
"10/03/15","Informal","12.770","12.550"
"10/03/15","Bolsa","12.010","12.010"
"11/03/15","Casas de cambio","8.790","8.670"
"11/03/15","Informal","12.750","12.550"
"11/03/15","Bolsa","12.100","12.100"
"30/03/15","Casas de cambio","8.820","8.650"
"30/03/15","Informal","12.700","12.500"
"30/03/15","Bolsa","11.920","11.920"
"31/03/15","Casas de cambio","8.820","8.670"
"31/03/15","Informal","12.680","12.480"
"31/03/15","Bolsa","12.050","12.050"
"01/04/15","Casas de cambio","8.830","8.680"
"01/04/15","Informal","12.500","12.300"
"01/04/15","Bolsa","12.070","12.070"
"06/04/15","Casas de cambio","8.850","8.680"
"06/04/15","Informal","12.500","12.300"
"06/04/15","Bolsa","12.040","12.040"
"07/04/15","Casas de cambio","8.840","8.740"
"07/04/15","Informal","12.390","12.290"
"07/04/15","Bolsa","12.040","12.040"
"08/04/15","Casas de cambio","8.850","8.680"
"08/04/15","Informal","12.450","12.350"
"08/04/15","Bolsa","11.920","11.920"
"09/04/15","Casas de cambio","8.850","8.750"
"09/04/15","Informal","12.390","12.290"
"09/04/15","Bolsa","11.850","11.850"
"13/04/15","Casas de cambio","8.850","8.680"
"13/04/15","Informal","12.380","12.180"
"13/04/15","Bolsa","11.920","11.920"
"14/04/15","Casas de cambio","8.860","8.760"
"14/04/15","Informal","12.500","12.300"
"14/04/15","Bolsa","12.010","12.010"
"15/04/15","Casas de cambio","8.870","8.670"
"15/04/15","Informal","12.800","12.600"
"15/04/15","Bolsa","12.030","12.030"
"16/04/15","Casas de cambio","8.870","8.770"
"16/04/15","Informal","12.700","12.500"
"16/04/15","Bolsa","12.130","12.130"
"20/04/15","Casas de cambio","8.870","8.670"
"20/04/15","Informal","12.680","12.480"
"20/04/15","Bolsa","11.810","11.810"
"21/04/15","Casas de cambio","8.870","8.770"
"21/04/15","Informal","12.710","12.510"
"21/04/15","Bolsa","11.850","11.850"
"22/04/15","Casas de cambio","8.870","8.670"
"22/04/15","Informal","12.790","12.590"
"22/04/15","Bolsa","11.710","11.710"
"27/04/15","Casas de cambio","8.890","8.770"
"27/04/15","Informal","12.670","12.470"
"27/04/15","Bolsa","11.780","11.780"
"28/04/15","Casas de cambio","8.900","8.690"
"28/04/15","Informal","12.750","12.550"
"28/04/15","Bolsa","11.820","11.820"
"29/04/15","Casas de cambio","8.910","8.810"
"29/04/15","Informal","12.730","12.530"
"29/04/15","Bolsa","11.830","11.830"
"05/05/15","Casas de cambio","8.920","8.820"
"05/05/15","Informal","12.600","12.400"
"05/05/15","Bolsa","11.750","11.750"
"06/05/15","Casas de cambio","8.920","8.820"
"06/05/15","Informal","12.600","12.400"
"06/05/15","Bolsa","11.800","11.800"
"12/05/15","Casas de cambio","8.940","8.840"
"12/05/15","Informal","12.550","12.350"
"12/05/15","Bolsa","11.620","11.620"
"13/05/15","Casas de cambio","8.940","8.840"
"13/05/15","Informal","12.700","12.400"
"13/05/15","Bolsa","11.710","11.710"
"20/05/15","Casas de cambio","8.960","8.850"
"20/05/15","Informal","12.650","12.450"
"20/05/15","Bolsa","11.550","11.550"
"21/05/15","Casas de cambio","8.970","8.870"
"21/05/15","Informal","12.650","12.450"
"21/05/15","Bolsa","11.480","11.480"
"26/05/15","Casas de cambio","8.980","8.880"
"26/05/15","Informal","12.720","12.520"
"26/05/15","Bolsa","11.480","11.480"
"27/05/15","Casas de cambio","8.980","8.880"
"27/05/15","Informal","12.700","12.500"
"27/05/15","Bolsa","11.550","11.550"
"01/06/15","Casas de cambio","9.000","8.800"
"01/06/15","Informal","12.630","12.430"
"01/06/15","Bolsa","11.470","11.470"
"02/06/15","Casas de cambio","9.000","8.800"
"02/06/15","Informal","12.650","12.450"
"02/06/15","Bolsa","11.400","11.400"
"04/06/15","Casas de cambio","9.010","8.810"
"04/06/15","Informal","12.600","12.400"
"04/06/15","Bolsa","11.520","11.520"
"08/06/15","Casas de cambio","9.020","8.970"
"08/06/15","Informal","12.620","12.420"
"08/06/15","Bolsa","11.500","11.500"
"16/06/15","Casas de cambio","9.030","8.840"
"16/06/15","Informal","12.800","12.6"
"16/06/15","Bolsa","11.900","11.900"
"17/06/15","Casas de cambio","9.050","8.950"
"17/06/15","Informal","12.950","12.750"
"17/06/15","Bolsa","12.060","12.060"
"18/06/15","Casas de cambio","9.060","8.960"
"18/06/15","Informal","13.080","12.78"
"18/06/15","Bolsa","12.060","12.060"
"22/06/15","Casas de cambio","9.060","8.960"
"22/06/15","Informal","13.000","12.800"
"22/06/15","Bolsa","12.190","12.190"
"23/06/15","Casas de cambio","9.060","8.960"
"23/06/15","Informal","13.350","13.1"
"23/06/15","Bolsa","12.240","12.240"
"24/06/15","Casas de cambio","9.070","8.970"
"24/06/15","Informal","13.500","13.300"
"24/06/15","Bolsa","12.400","12.400"
"25/06/15","Casas de cambio","9.070","8.970"
"25/06/15","Informal","13.600","13.4"
"25/06/15","Bolsa","12.570","12.570"
"30/06/15","Casas de cambio","9.100","9.050"
"30/06/15","Informal","13.400","13.300"
"30/06/15","Bolsa","13.020","13.020"
"06/07/15","Casas de cambio","9.110","8.910"
"06/07/15","Informal","13.450","13.250"
"06/07/15","Bolsa","12.950","12.950"
"07/07/15","Casas de cambio","9.110","8.910"
"07/07/15","Informal","13.600","13.400"
"07/07/15","Bolsa","12.950","12.950"
"08/07/15","Casas de cambio","9.120","8.910"
"08/07/15","Informal","13.630","13.400"
"08/07/15","Bolsa","12.950","12.950"
"13/07/15","Casas de cambio","9.120","8.910"
"13/07/15","Informal","13.850","13.650"
"13/07/15","Bolsa","12.940","12.940"
"14/07/15","Casas de cambio","9.140","9.090"
"14/07/15","Informal","14.050","13.700"
"14/07/15","Bolsa","12.020","12.020"
"15/07/15","Casas de cambio","9.140","9.090"
"15/07/15","Informal","13.880","13.730"
"15/07/15","Bolsa","12.360","12.360"
"16/07/15","Casas de cambio","9.150","9.100"
"16/07/15","Informal","14.050","13.900"
"16/07/15","Bolsa","12.520","12.520"
"17/07/15","Casas de cambio","9.140","9.090"
"17/07/15","Informal","14.400","14.200"
"17/07/15","Bolsa","13.100","13.100"
"20/07/15","Casas de cambio","9.140","9.080"
"20/07/15","Informal","14.550","14.350"
"20/07/15","Bolsa","13.110","13.110"
"21/07/15","Casas de cambio","9.160","9.110"
"21/07/15","Informal","15.090","15.000"
"21/07/15","Bolsa","13.280","13.280"
"22/07/15","Casas de cambio","9.160","9.110"
"22/07/15","Informal","14.890","14.900"
"22/07/15","Bolsa","13.410","13.410"
"23/07/15","Casas de cambio","9.160","9.050"
"23/07/15","Informal","14.700","14.500"
"23/07/15","Bolsa","13.070","13.070"
"23/07/15","Casas de cambio","9.180","9.130"
"23/07/15","Informal","14.500","14.350"
"23/07/15","Bolsa","11.910","11.910"
"28/07/15","Casas de cambio","9.170","9.070"
"28/07/15","Informal","15.000","14.800"
"28/07/15","Bolsa","13.030","13.030"
"29/07/15","Casas de cambio","9.200","9.100"
"29/07/15","Informal","14.940","14.800"
"29/07/15","Bolsa","13.010","13.010"
"30/07/15","Casas de cambio","9.180","9.080"
"30/07/15","Informal","14.900","14.700"
"30/07/15","Bolsa","12.920","12.920"
"31/07/15","Casas de cambio","9.200","9.140"
"31/07/15","Informal","14.940","14.800"
"31/07/15","Bolsa","11.240","11.240"
"03/08/15","Casas de cambio","9.200","9.140"
"03/08/15","Informal","14.890","14.820"
"03/08/15","Bolsa","11.240","11.240"
"04/08/15","Casas de cambio","9.210","9.150"
"04/08/15","Informal","14.900","14.820"
"04/08/15","Bolsa","11.240","11.240"
"05/08/15","Casas de cambio","9.210","9.150"
"05/08/15","Informal","14.950","14.840"
"05/08/15","Bolsa","11.240","11.240"
"06/08/15","Casas de cambio","9.230","9.180"
"06/08/15","Informal","14.980","14.800"
"06/08/15","Bolsa","11.250","13.260"
"07/08/15","casas de cambio","9.225","9.175"
"07/08/15","Informal","14.920","14.770"
"07/08/15","Bolsa","11.250","13.230"
"10/08/15","casas de cambio","9.230","9.175"
"10/08/15","Informal","14.820","14.670"
"10/08/15","Bolsa","11.250","11.250"
"11/08/15","casas de cambio","9.230","9.180"
"11/08/15","Informal","14.830","14.670"
"11/08/15","Bolsa","13.290","13.290"
"12/08/15","Casas de cambio","9.230","9.180"
"12/08/15","Informal","14.830","14.670"
"12/08/15","Bolsa","13.320","13.320"
"14/08/15","Casas de cambio","9.255","9.205"
"14/08/15","Informal","15.100","14.950"
"14/08/15","Bolsa","13.410","13.410"
"17/08/15","Casas de cambio","9.260","9.210"
"17/08/15","Informal","15.100","15.000"
"17/08/15","Bolsa","13.410","13.410"
"18/08/15","Casas de cambio","9.260","9.210"
"18/08/15","Informal","15.050","15.000"
"18/08/15","Bolsa","13.450","13.450"
"19/08/15","Casas de cambio","9.260","9.210"
"19/08/15","Informal","15.150","15.080"
"19/08/15","Bolsa","13.450","13.450"
"20/08/15","Casas de cambio","9.260","9.210"
"20/08/15","Informal","15.300","15.200"
"20/08/15","Bolsa","13.450","13.450"
"21/08/15","Casas de cambio","9.270","9.220"
"21/08/15","Informal","15.550","15.400"
"21/08/15","Bolsa","13.220","13.220"
"24/08/15","Casas de cambio","9.280","9.230"
"24/08/15","Informal","15.840","15.690"
"24/08/15","Bolsa","13.290","13.290"
"25/08/15","Casas de cambio","9.285","9.235"
"25/08/15","Informal","15.970","15.820"
"25/08/15","Bolsa","13.800","13.800"
"26/08/15","Casas de cambio","9.290","9.240"
"26/08/15","Informal","15.920","15.770"
"26/08/15","Bolsa","13.800","13.800"
"27/08/15","Casas de cambio","9.295","9.245"
"27/08/15","Informal","15.670","15.520"
"27/08/15","Bolsa","13.620","13.620"
"28/08/15","Casas de cambio","9.300","9.250"
"28/08/15","Informal","15.530","15.450"
"28/08/15","Bolsa","11.690","11.690"
"31/08/15","Casas de cambio","9.310","9.260"
"31/08/15","Informal","15.470","15.320"
"31/08/15","Bolsa","13.850","13.850"
"01/09/15","Casas de cambio","9.315","9.270"
"01/09/15","Informal","15.510","15.450"
"01/09/15","Bolsa","13.850","13.850"
"02/09/15","Casas de cambio","9.320","9.270"
"02/09/15","Informal","15.620","15.550"
"02/09/15","Bolsa","13.930","13.930"
"03/09/15","Casas de cambio","9.330","9.280"
"03/09/15","Informal","15.600","15.510"
"03/09/15","Bolsa","13.930","13.930"
"04/09/15","Casas de cambio","9.330","9.280"
"04/09/15","Informal","15.480","15.400"
"04/09/15","Bolsa","13.930","13.930"
"07/09/15","Casas de cambio","9.335","9.285"
"07/09/15","Informal","15.450","15.390"
"07/09/15","Bolsa","14.070","14.070"
"08/09/15","Casas de cambio","9.340","9.300"
"08/09/15","Informal","15.510","15.490"
"08/09/15","Bolsa","14.070","14.070"
"09/09/15","Casas de cambio","9.350","9.310"
"09/09/15","Informal","15.550","15.500"
"09/09/15","Bolsa","14.070","14.070"
"10/09/15","Casas de cambio","9.360","9.320"
"10/09/15","Informal","15.520","15.480"
"10/09/15","Bolsa","14.070","14.070"
"14/09/15","Casas de cambio","9.370","9.330"
"14/09/15","Informal","15.620","15.550"
"14/09/15","Bolsa","14.070","14.070"
"15/09/15","Casas de cambio","9.375","9.330"
"15/09/15","Informal","15.680","15.630"
"15/09/15","Bolsa","14.070","14.070"
"16/09/15","Casas de cambio","9.380","9.360"
"16/09/15","Informal","15.850","15.800"
"16/09/15","Bolsa","14.070","14.070"
"17/09/15","Casas de cambio","9.385","9.360"
"17/09/15","Informal","15.910","15.880"
"17/09/15","Bolsa","14.070","14.070"
"18/09/15","Casas de cambio","9.390","9.360"
"18/09/15","Informal","15.860","15.810"
"18/09/15","Bolsa","14.070","14.070"
"21/09/15","Casas de cambio","9.400","9.380"
"21/09/15","Informal","15.900","15.850"
"21/09/15","Bolsa","14.070","14.070"
"22/09/15","Casas de cambio","9.400","9.380"
"22/09/15","Informal","15.950","15.900"
"22/09/15","Bolsa","13.060","13.060"
"23/09/15","Casas de cambio","9.410","9.390"
"23/09/15","Informal","15.930","15.890"
"23/09/15","Bolsa","13.060","13.060"
"24/09/15","Casas de cambio","9.415","9.390"
"24/09/15","Informal","16.010","15.970"
"24/09/15","Bolsa","13.040","13.040"
"25/09/15","Casas de cambio","9.420","9.390"
"25/09/15","Informal","16.060","16.000"
"25/09/15","Bolsa","13.040","13.040"
"26/09/15","Casas de cambio","9.420","9.400"
"28/09/15","Informal","16.010","15.950"
"28/09/15","Bolsa","13.040","13.040"
"28/09/15","Casas de cambio","9.425","9.400"
"01/10/15","Bolsa","13.040","13.040"
"01/10/15","Casas de cambio","9.425","9.400"
"01/10/15","Informal","16.020","15.980"
"06/10/15","Bolsa","13.040","13.040"
"06/10/15","Casas de cambio","9.460","9.420"
"06/10/15","Informal","15.740","15.700"
"13/10/15","Casas de cambio","9.470","9.440"
"13/10/15","Informal","15.840","15.800"
"13/10/15","Bolsa","13.040","13.040"
"19/10/15","Casas de cambio","9.510","9.480"
"19/10/15","Informal","16.110","16.030"
"19/10/15","Bolsa","13.040","13.040"
"20/10/15","Casas de cambio","9.510","9.490"
"20/10/15","Informal","16.030","15.980"
"20/10/15","Bolsa","13.040","13.040"
"21/10/15","Casas de cambio","9.510","9.480"
"21/10/15","Informal","15.920","15.880"
"21/10/15","Bolsa","13.040","13.040"
"22/10/15","Casas de cambio","9.520","9.490"
"22/10/15","Informal","16.030","15.960"
"22/10/15","Bolsa","13.040","13.040"
"23/10/15","Casas de cambio","9.520","9.490"
"23/10/15","Informal","16.060","16.000"
"23/10/15","Bolsa","13.040","13.040"
"26/10/15","Casas de cambio","9.540","9.520"
"26/10/15","Informal","15.810","15.750"
"26/10/15","Bolsa","13.040","13.040"
"28/10/15","Casas de cambio","9.540","9.520"
"28/10/15","Informal","15.900","15.850"
"28/10/15","Bolsa","13.810","13.810"
"29/10/15","Casas de cambio","9.540","9.500"
"29/10/15","Informal","15.780","15.720"
"29/10/15","Bolsa","13.810","13.810"
"02/11/15","Casas de cambio","9.560","9.540"
"02/11/15","Informal","15.630","15.580"
"02/11/15","Bolsa","13.810","13.810"
"03/11/15","Casas de cambio","9.570","9.540"
"03/11/15","Informal","15.530","15.480"
"03/11/15","Bolsa","13.810","13.810"
"05/11/15","Casas de cambio","9.570","9.540"
"05/11/15","Informal","15.140","15.110"
"05/11/15","Bolsa","13.810","13.810"
"09/11/15","Casas de cambio","9.590","9.570"
"09/11/15","Informal","14.450","14.400"
"09/11/15","Bolsa","13.810","13.810"
"11/11/15","Casas de cambio","9.590","9.570"
"11/11/15","Informal","15.330","15.270"
"11/11/15","Bolsa","13.810","13.810"
"12/11/15","Casas de cambio","9.590","9.570"
"12/11/15","Informal","15.270","15.190"
"12/11/15","Bolsa","15.330","15.330"
"16/11/15","Casas de cambio","9.640","9.620"
"16/11/15","Informal","15.100","15.050"
"16/11/15","Bolsa","13.810","13.810"
"26/11/15","Casas de cambio","9.690","9.640"
"26/11/15","Informal","15.040","14.980"
"26/11/15","Bolsa","15.330","15.330"
"03/12/15","Casas de cambio","9.720","9.690"
"03/12/15","Informal","14.730","14.660"
"03/12/15","Bolsa","14.590","14.590"
"10/12/15","Casas de cambio","9.760","9.720"
"10/12/15","Informal","14.770","14.700"
"10/12/15","Bolsa","14.980","14.980"
"17/12/15","Casas de cambio","13.500","14.500"
"18/12/15","Casas de cambio","13.600","13.300"
"21/12/15","Casas de cambio","13.100","12.800"
"23/12/15","Casas de cambio","13.300","13.000"
"05/01/16","Casas de cambio","14.000","13.700"
"19/01/16","Casas de cambio","13.687","13.310"
"25/01/16","Casas de cambio","14.060","13.690"
"10/02/16","Casas de cambio","14.700","14.330"
"15/02/16","Casas de cambio","14.940","14.590"
"16/02/16","Casas de cambio","15.000","14.640"
"17/02/16","Casas de cambio","15.110","14.750"
"23/02/16","Casas de cambio","15.630","15.260"
"29/02/16","Casas de cambio","15.870","15.510"
"01/03/16","Casas de cambio","16.030","15.665"
"03/03/16","Casas de cambio","15.470","15.100"
"04/03/16","Casas de cambio","15.430","15.060"
"14/03/16","Casas de cambio","14.990","14.630"
"16/03/16","Casas de cambio","14.800","14.440"
"17/03/16","Casas de cambio","15.030","14.870"
"20/03/16","Casas de cambio","14.820","14.560"
"28/03/16","Casas de cambio","14.970","14.670"
"29/03/16","Casas de cambio","14.860","14.510"
"22/04/16","Casas de cambio","14.640","14.290"
"19/05/16","Casas de cambio","14.450","13.950"
"24/06/16","Casas de cambio","15.090","15.000"
"19/07/16","Casas de cambio","15.260","14.910"
"20/07/16","Casas de cambio","15.220","14.890"
"21/07/16","Casas de cambio","15.280","14.930"
"24/07/16","Casas de cambio","15.160","14.810"
"29/07/16","Casas de cambio","15.290","14.940"
"01/08/16","Casas de cambio","15.221","14.869"
"02/08/16","Casas de cambio","15.150","14.750"
"05/08/16","Casas de cambio","15.077","14.721"
"08/08/16","Casas de cambio","15.050","14.600"
"18/08/16","Casas de cambio","15.130","14.770"
"05/09/16","Casas de cambio","15.215","14.865"
"19/09/16","Casas de cambio","15.358","15.000"
"29/09/16","Casas de cambio","15.520","15.180"
"05/10/16","Casas de cambio","15.420","15.068"
"07/10/16","Casas de cambio","15.443","15.088"
"11/10/16","Casas de cambio","15.425","15.065"
"25/10/16","Casas de cambio","15.376","15.023"
"01/11/16","Casas de cambio","15.348","14.994"
"14/11/16","Casas de cambio","15.730","15.370"
"17/11/16","Casas de cambio","15.680","15.320"
"25/11/16","Casas de cambio","15.770","15.420"
"30/11/16","Casas de cambio","16.010","15.660"
"30/11/16","Casas de cambio","16.020","16.000"
"13/12/16","Casas de cambio","16.240","15.780"
"19/12/16","Casas de cambio","16.050","15.690"
"23/12/16","Casas de cambio","15.79","15.430"
"29/12/16","Casas de cambio","16.14","15.760"
"05/01/17","Casas de cambio","16.050","15.660"
"23/01/17","Casas de cambio","16.190","15.790"
"01/02/17","Casas de cambio","16.040","15.690"
"03/02/17","Casas de cambio","15.880","15.480"
"11/02/17","Casas de cambio","15.810","15.430"
"13/02/17","Casas de cambio","15.762","15.380"
"14/02/17","Casas de cambio","15.772","15.393"
"15/02/17","Casas de cambio","15.695","15.313"
"16/02/17","Casas de cambio","15.682","15.293"
"17/02/17","Casas de cambio","15.946","15.552"
"19/02/17","Casas de cambio","15.986","15.591"
"22/02/17","Casas de cambio","15.800","15.420"
"23/02/17","Casas de cambio","15.828","15.440"
"01/03/17","Casas de cambio","15.725","15.334"
"02/03/17","Casas de cambio","15.680","15.291"
"03/03/17","Casas de cambio","15.708","15.311"
"06/03/17","Casas de cambio","15.708","15.311"
"16/03/17","Casas de cambio","15.822","15.402"
"17/03/17","Casas de cambio","15.823","15.403"
"23/03/17","Casas de cambio","15.900","15.480"
"12/04/17","Casas de cambio","15.491","15.066"
